기관명,사업명,원문 링크,공고일,마감일,D-day,지원금/지원규모,지원금 숫자값,지역 조건,신청 대상,관련 키워드,첨부파일 링크,요약,추천도 점수,상태
대구디지털혁신진흥원,2026년 제조업 AI융합 기반 조성 사업 「2026년 수요맞춤형 AI솔루션 개발·실증 지원 사업 컨소시엄 모집공고」,https://www.dip.or.kr/home/notice/businessbbs/boardRead.ubs?fboardcd=business&fboardnum=9047&sfpage=1&sfpsize=10&sfsearch=ftitle,2026-06-05,2026-06-18,D-10,"200,000천원",200000000,대구,"콘텐츠기업, 제조업, 제조기업","AI, 콘텐츠, 제조",,진행중 2026년 제조업 AI융합 기반 조성 사업 「2026년 수요맞춤형 AI솔루션 개발·실증 지원 사업 컨소시엄 모집공고」 D-10 2459 DIP 사업 2026-06-05 ~ 2026-06-18 2026-06-05 158 대구디지털혁신진흥원 화면확대 인쇄 전체메뉴 알림마당 알림마당 공지사항 사업공고 채용공고 입찰...,97,updated
신용보증기금,투 · 융자복합금융 지원 업무,https://www.kodit.or.kr/kodit/cm/cntnts/cntntsView.do?mi=2541&cntntsId=11079,,,,673억원,67300000000,대구,"창업 5년 이하, 창업기업, 중소기업","콘텐츠, 융자, 보증, 신용보증",https://www.kodit.or.kr/kodit/na/ntt/selectNttInfo.do?mi=2638&bbsId=148&nttSn=4809511,투 · 융자복합금융 지원 업무 보증연계투자 문화콘텐츠 프로젝트투자 투자옵션부보증 M&A보증 VC펀드출자금보증 주요업무>투 · 융자복합금융 지원 업무>보증연계투자 본문으로 바로가기 메인메뉴 바로가기 신보 ON-Biz ENG 화면크기 화면크기 확대 화면크기 100% 화면크기 축소 KODIT 신용보증기금 KOREA CRE...,90,updated
신용보증기금,문화콘텐츠 프로젝트투자,https://www.kodit.or.kr/kodit/cm/cntnts/cntntsView.do?mi=3992&cntntsId=12242,,,,10억원,1000000000,대구,중소기업,"콘텐츠, AR, 융자, 보증, 신용보증",https://www.kodit.or.kr/kodit/na/ntt/selectNttInfo.do?mi=2638&bbsId=148&nttSn=4809511,문화콘텐츠 프로젝트투자 주요업무>투 · 융자복합금융 지원 업무>문화콘텐츠 프로젝트투자 본문으로 바로가기 메인메뉴 바로가기 신보 ON-Biz ENG 화면크기 화면크기 확대 화면크기 100% 화면크기 축소 KODIT 신용보증기금 KOREA CREDIT GUARANTEE FUND 신보소개 신보소개 CEO 인사말 프로필 주...,90,updated
부산테크노파크,MAIN TOPIC 매뉴콘 프로젝트 탑티어 앵커 대양전기공업 찾아 미래전략 논의 2026 매뉴콘 기업 심층 FGI(Focus Group Interview),https://www.btp.or.kr/kor/CMS/Board/Board.do?mCode=MN191&mode=view&mgr_seq=36&board_seq=9581980,,,,117억 원,11700000000,대구,"제조업, 제조기업","AI, 제조",,MAIN TOPIC 매뉴콘 프로젝트 탑티어 앵커 대양전기공업 찾아 미래전략 논의 2026 매뉴콘 기업 심층 FGI(Focus Group Interview) 부산테크노파크>홍보마당>최근소식>최근소식 상세 내용 스킵네비게이션 본문바로가기 주메뉴바로가기 검색어를 입력하세요 검색 로그인 회원가입 전체메뉴 부산테크노파크 전체...,73,updated
대구디지털혁신진흥원,2026년 제조업 AI융합 기반 조성 사업 「2026년 수요맞춤형 AI솔루션 개발·실증 지원 사업 컨소시엄 모집공고」,https://www.dip.or.kr/home/notice/businessbbs/boardList.ubs?fboardcd=business,2026-06-05,2026-06-18,D-10,확인 필요,,확인 필요,제조업,"AI, 제조",,게시판 목록 진행중 2026년 제조업 AI융합 기반 조성 사업 「2026년 수요맞춤형 AI솔루션 개발·실증 지원 사업 컨소시엄 모집공고」 D-10 2459 DIP 사업 2026-06-05 ~ 2026-06-18,63,needs_review
신용보증기금,성장단계별 지원 프로그램,https://www.kodit.or.kr/kodit/cm/cntnts/cntntsView.do?mi=2531&cntntsId=11071,,,,30억,3000000000,대구,"창업기업, 중소기업, 제조업","AR, 보증, 신용보증, 제조",https://www.kodit.or.kr/kodit/na/ntt/selectNttInfo.do?mi=2638&bbsId=148&nttSn=4809511,성장단계별 지원 프로그램 주요업무>신용보증>성장단계별 지원 프로그램>창업단계 본문으로 바로가기 메인메뉴 바로가기 신보 ON-Biz ENG 화면크기 화면크기 확대 화면크기 100% 화면크기 축소 KODIT 신용보증기금 KOREA CREDIT GUARANTEE FUND 신보소개 신보소개 CEO 인사말 프로필 주요 경영활...,60,updated
신용보증기금,보도자료 바로가기,https://www.kodit.or.kr/kodit/na/ntt/selectNttList.do?mi=2639&bbsId=47,2026-06-01,2026-06-08,D-0,3억,300000000,대구,확인 필요,"보증, 신용보증",https://www.kodit.or.kr/kodit/na/ntt/selectNttInfo.do?mi=2638&bbsId=148&nttSn=4809511,"신용보증기금, 창립 50주년 맞아 노사공동 ‘사랑의 도시락 나눔’ 실시 - 1년간 총 3천여 개 도시락 정기 지원소외계층 결식 예방 및 지역사회 상생 도모 신용보증기금(이사장 강승준)이 지난 2일 대구 동구에 위치한 안심제1종합사회복지관에서 노사공동 사회공헌활동을 실시했다고 4일 밝혔다. 이번 행사는 신보 창립 50...",58,seen
달구벌여성인력개발센터,사업화 D-3 마감일자 2026-06-11 『살맛나는 서구 일자리 지원사업』 2026년 성장 창업사업화 지원 사업 ... 달구벌여성인력개발센터 조회 792,https://w-startup.daegu.go.kr/business/306,2026-05-11,2026-06-11,D-3,확인 필요,,대구,"창업기업, 예비창업자, 초기창업기업","사업화, 여성창업",,사업화 D-3 마감일자 2026-06-11 『살맛나는 서구 일자리 지원사업』 2026년 성장 창업사업화 지원 사업 ... 달구벌여성인력개발센터 조회 792 『살맛나는 서구 일자리 지원사업』 2026년 성장 창업사업화 지원 사업 참여자 모집 공고 > 사업공고 | 달구벌여성인력개발센터 달구벌여성창업플랫폼 회원가입 로그인...,58,needs_review
달구벌여성인력개발센터,시설·공간·보육 D-11 마감일자 2026-06-19 2026년 달구벌여성창업보육센터 3차 입주기업 모집 달구벌여성인력개발센터 조회 393,https://w-startup.daegu.go.kr/business/307,2026-05-13,2026-06-19,D-11,확인 필요,,대구,"창업기업, 예비창업자",여성창업,,시설·공간·보육 D-11 마감일자 2026-06-19 2026년 달구벌여성창업보육센터 3차 입주기업 모집 달구벌여성인력개발센터 조회 393 2026년 달구벌여성창업보육센터 3차 입주기업 모집 > 사업공고 | 달구벌여성인력개발센터 달구벌여성창업플랫폼 회원가입 로그인 사업공고 모집중 모집마감 알림마당 공지사항 카드뉴스...,58,needs_review
달구벌여성인력개발센터,사업화 D-4 [창업진흥원]2026년도 창업패키지(AI 인재 실증형) 창업기업 모집공고 창업진흥원 등록일자 2026-05-18 마감일자 2026-06-12 조회 389,https://w-startup.daegu.go.kr/business/308?sca=%EB%AA%A8%EC%A7%91%EC%A4%91,2026-05-18,2026-06-12,D-4,확인 필요,,확인 필요,창업기업,AI,,사업화 D-4 [창업진흥원]2026년도 창업패키지(AI 인재 실증형) 창업기업 모집공고 창업진흥원 등록일자 2026-05-18 마감일자 2026-06-12 조회 389,54,needs_review
달구벌여성인력개발센터,[창업진흥원]2026년도 창업패키지(AI 인재 실증형) 창업기업 모집공고,https://w-startup.daegu.go.kr/business?sca=%EB%AA%A8%EC%A7%91%EC%A4%91&sort=edate,,2026-06-12,D-4,확인 필요,,확인 필요,창업기업,AI,,사업화 D-4 [창업진흥원]2026년도 창업패키지(AI 인재 실증형) 창업기업 모집공고 창업진흥원,54,needs_review
창업진흥원,"사업화 D-4 마감일자 2026-06-12 2026년도 창업패키지(AI 인재 실증형) 창업기업 모집공고 초기창업패키지 창업진흥원 조회 29,383",https://www.k-startup.go.kr/web/contents/bizpbanc-ongoing.do?pbancSn=177670,2026-06-12,2026-06-12,D-4,확인 필요,,확인 필요,창업기업,AI,,"사업화 D-4 마감일자 2026-06-12 2026년도 창업패키지(AI 인재 실증형) 창업기업 모집공고 초기창업패키지 창업진흥원 조회 29,383",54,needs_review
창업진흥원,2026년도 창업패키지(AI 인재 실증형) 창업기업 모집공고 초기창업패키지,https://www.k-startup.go.kr/web/contents/bizpbanc-ongoing.do,2026-06-12,2026-06-12,D-4,확인 필요,,확인 필요,창업기업,AI,,사업화 D-4 마감일자 2026-06-12 2026년도 창업패키지(AI 인재 실증형) 창업기업 모집공고 초기창업패키지 창업진흥원,54,needs_review
창업진흥원,"사업화 D-16 마감일자 2026-06-24 초격차 스타트업 프로젝트 모두의 챌린지 AX 참여기업 모집공고(추경) 초격차 스타트업 프로젝트 창업진흥원 조회 5,602",https://www.k-startup.go.kr/web/contents/bizpbanc-ongoing.do?pbancSn=177760,2026-06-08,2026-06-24,D-16,확인 필요,,대구,"창업기업, 예비창업자, 중소기업, 소상공인, 일반기업, 대학생",AR,,"사업화 D-16 마감일자 2026-06-24 초격차 스타트업 프로젝트 모두의 챌린지 AX 참여기업 모집공고(추경) 초격차 스타트업 프로젝트 창업진흥원 조회 5,602 K-Startup 창업지원포털>사업공고>모집중 본문 바로가기 중소벤처기업부 창업진흥원 사업신청관리 자주하는 질문 로그인 회원가입 중기원패스 통합로그인...",52,needs_review
대구디지털혁신진흥원,2026년 지역기반 가상융합 서비스 제작·실증 지원사업 재공고 서면평가 결과 안내,https://www.dip.or.kr/home/notice/businessbbs/boardRead.ubs?fboardcd=business&fboardnum=9046&sfpage=1&sfpsize=10&sfsearch=ftitle,2026-06-04,2026-06-25,D-17,확인 필요,,대구,콘텐츠기업,콘텐츠,,진행중 2026년 지역기반 가상융합 서비스 제작·실증 지원사업 재공고 서면평가 결과 안내 D-17 2458 DIP 결과 2026-06-04 ~ 2026-06-25 2026-06-04 155 대구디지털혁신진흥원 화면확대 인쇄 전체메뉴 알림마당 알림마당 공지사항 사업공고 채용공고 입찰공고 유관기관공고 통계/정책 사업안내...,52,needs_review
대구경북디자인진흥원,디자인개발 arrow_forward 경쟁력 있는 상품이 되도록 디자인 개선을 지원합니다. 디자인개발,https://www.dgdp.or.kr/business-guide/design-develop,,,,확인 필요,,대구,"중소기업, 제조업, 제조기업","AR, 디자인, 제조",,디자인개발 arrow_forward 경쟁력 있는 상품이 되도록 디자인 개선을 지원합니다. 디자인개발 디자인기반 arrow_forward 디자인 기술혁신 인프라와 데이터를 구축합니다. 디자인기반 디자인연구 arrow_forward 혁신적인 디자인 솔루션을 연구하고 정보를 제공합니다. 디자인연구 공공서비스 arrow_f...,52,updated
대구디지털혁신진흥원,「2026년 지역특화콘텐츠개발지원(대구게임테크허브) 차세대 플랫폼 도약 지원사업」 참가기업 추가모집 공고,https://www.dip.or.kr/home/notice/businessbbs/boardRead.ubs?fboardcd=business&fboardnum=9035&sfpage=1&sfpsize=10&sfsearch=ftitle,2026-05-26,2026-06-10,D-2,확인 필요,,확인 필요,확인 필요,콘텐츠,,진행중 「2026년 지역특화콘텐츠개발지원(대구게임테크허브) 차세대 플랫폼 도약 지원사업」 참가기업 추가모집 공고 D-2 2452 DIP 사업 2026-05-26 ~ 2026-06-10 2026-05-26 394,49,updated
경북테크노파크,홈페이지 GBTP 메인화면으로 이동합니다. 바로가기,https://www.gbtp.or.kr/main.do,2025-11-26,2026-06-19,D-11,총 183.4억원 / 선정 28개사 / 기업당 약 6.55억원,18340000000,대구,제조업,제조,,홈페이지 GBTP 메인화면으로 이동합니다. 바로가기 TP소식 GBTP의 최근소식을 알려드립니다. 바로가기 사업안내 사업공고를 한눈에 볼 수 있습니다. 바로가기 채용안내 지역발전을 선도할 인재를 모집합니다. 바로가기 경북테크노파크 본문으로 바로가기 주메뉴 바로가기 로그아웃 ENGLISH ENGLISH 공고·안내 사업공...,49,seen
중소벤처기업진흥공단,중소기업 정책자금 융자계획 공고 확인하기,https://www.kosmes.or.kr/nsh/SH/NTS/SHNTS001F0.do?seqNo=6107059,,,,"3,670억원",367000000000,경남,"여성기업, 중소기업","정책자금, 융자",,"융자공고 중소기업 정책자금 융자계획 공고 확인하기 지원규모 융자(4조 643억원), 이차보전(3,670억원) 기업 성장단계별 특성과 정책목적에 따라 6개 세부 자금으로 구분하여 운영 창업기 지원방향 창업 및 시장진입 성장단계 디딤돌 지원사업 혁신창업사업화 : 창업기반지원, 개발기술사업화 성장기 지원방향 성장단계진입...",48,updated
창업진흥원,"사업화 오늘마감 마감일자 2026-06-08 초격차 스타트업 프로젝트 모두의 챌린지 플랫폼 참여기업 모집공고 초격차 스타트업 프로젝트 창업진흥원 조회 21,630",https://www.k-startup.go.kr/web/contents/bizpbanc-ongoing.do?pbancSn=177702,2026-06-08,2026-06-08,D-0,확인 필요,,확인 필요,확인 필요,사업화,,"사업화 오늘마감 마감일자 2026-06-08 초격차 스타트업 프로젝트 모두의 챌린지 플랫폼 참여기업 모집공고 초격차 스타트업 프로젝트 창업진흥원 조회 21,630",45,needs_review
창업진흥원,"사업화 오늘마감 마감일자 2026-06-08 초격차 스타트업 프로젝트 모두의 챌린지 뷰티 참여기업 모집공고 초격차 스타트업 프로젝트 창업진흥원 조회 54,848",https://www.k-startup.go.kr/web/contents/bizpbanc-ongoing.do?pbancSn=177693,2026-06-08,2026-06-08,D-0,확인 필요,,확인 필요,확인 필요,사업화,,"사업화 오늘마감 마감일자 2026-06-08 초격차 스타트업 프로젝트 모두의 챌린지 뷰티 참여기업 모집공고 초격차 스타트업 프로젝트 창업진흥원 조회 54,848",45,needs_review
신용보증기금,"신용보증기금, 지식재산처 등 6개 기관과 ‘비대면 IP금융 지원 활성화를 위한 업무협약’ 체결 2026-06-08",https://www.kodit.or.kr/kodit/na/ntt/selectNttInfo.do?mi=2639&bbsId=47&nttSn=4819205,2026-06-08,2026-06-08,D-0,확인 필요,,확인 필요,확인 필요,"보증, 신용보증",https://www.kodit.or.kr/kodit/na/ntt/selectNttInfo.do?mi=2638&bbsId=148&nttSn=4809511,"신용보증기금, 지식재산처 등 6개 기관과 ‘비대면 IP금융 지원 활성화를 위한 업무협약’ 체결 2026-06-08",45,seen
신용보증기금,"신용보증기금, IBK기업은행과 '생산적 금융 확대 및 포용금융 실천을 위한 금융지원 협약' 체결 2026-06-08",https://www.kodit.or.kr/kodit/na/ntt/selectNttInfo.do?mi=2639&bbsId=47&nttSn=4817761,2026-06-08,2026-06-08,D-0,확인 필요,,확인 필요,확인 필요,"보증, 신용보증",https://www.kodit.or.kr/kodit/na/ntt/selectNttInfo.do?mi=2638&bbsId=148&nttSn=4809511,"신용보증기금, IBK기업은행과 '생산적 금융 확대 및 포용금융 실천을 위한 금융지원 협약' 체결 2026-06-08",45,seen
달구벌여성인력개발센터,사업화 D-3 『살맛나는 서구 일자리 지원사업』 2026년 성장 창업사업화 지원 사업 참여자 모집 공고 달구벌여성인력개발센터 등록일자 2026-05-11 마감일자 2026-06-11 조회 792,https://w-startup.daegu.go.kr/business/306?sca=%EB%AA%A8%EC%A7%91%EC%A4%91,2026-05-11,2026-06-11,D-3,확인 필요,,확인 필요,확인 필요,사업화,,사업화 D-3 『살맛나는 서구 일자리 지원사업』 2026년 성장 창업사업화 지원 사업 참여자 모집 공고 달구벌여성인력개발센터 등록일자 2026-05-11 마감일자 2026-06-11 조회 792,45,needs_review
달구벌여성인력개발센터,『살맛나는 서구 일자리 지원사업』 2026년 성장 창업사업화 지원 사업 ... 달구벌여성인력개발센터,https://w-startup.daegu.go.kr/business?sca=%EB%AA%A8%EC%A7%91%EC%A4%91&sort=edate,2026-06-11,2026-06-11,D-3,확인 필요,,확인 필요,확인 필요,사업화,,사업화 D-3 마감일자 2026-06-11 『살맛나는 서구 일자리 지원사업』 2026년 성장 창업사업화 지원 사업 ... 달구벌여성인력개발센터 조회,45,needs_review
대구디지털혁신진흥원,「2026년 블록체인 융복합 타운 맞춤형 사업화지원(2차) 서면평가 결과 안내」,https://www.dip.or.kr/home/notice/businessbbs/boardRead.ubs?fboardcd=business&fboardnum=9038&sfpage=1&sfpsize=10&sfsearch=ftitle,2026-05-28,2026-06-11,D-3,확인 필요,,확인 필요,확인 필요,사업화,,진행중 「2026년 블록체인 융복합 타운 맞춤형 사업화지원(2차) 서면평가 결과 안내」 D-3 2453 DIP 결과 2026-05-28 ~ 2026-06-11 2026-05-28 266,45,needs_review
달구벌여성인력개발센터,시설·공간·보육 D-11 2026년 달구벌여성창업보육센터 3차 입주기업 모집 달구벌여성인력개발센터 등록일자 2026-05-13 마감일자 2026-06-19 조회 393,https://w-startup.daegu.go.kr/business/307?sca=%EB%AA%A8%EC%A7%91%EC%A4%91,2026-05-13,2026-06-19,D-11,확인 필요,,확인 필요,확인 필요,여성창업,,시설·공간·보육 D-11 2026년 달구벌여성창업보육센터 3차 입주기업 모집 달구벌여성인력개발센터 등록일자 2026-05-13 마감일자 2026-06-19 조회 393,45,needs_review
달구벌여성인력개발센터,2026년 달구벌여성창업보육센터 3차 입주기업 모집 달구벌여성인력개발센터,https://w-startup.daegu.go.kr/business?sca=%EB%AA%A8%EC%A7%91%EC%A4%91&sort=edate,2026-06-19,2026-06-19,D-11,확인 필요,,확인 필요,확인 필요,여성창업,,시설·공간·보육 D-11 마감일자 2026-06-19 2026년 달구벌여성창업보육센터 3차 입주기업 모집 달구벌여성인력개발센터 조회,45,needs_review
창업진흥원,"사업화 D-14 마감일자 2026-06-22 초격차 스타트업 프로젝트(DIPS) Link-up(링크업) - 4대 도메인 AX 프로그램 창업기업 모집공고(2차) 초격차 스타트업 프로젝트 창업진흥원 조회 5,955",https://www.k-startup.go.kr/web/contents/bizpbanc-ongoing.do?pbancSn=177764,2026-06-22,2026-06-22,D-14,확인 필요,,확인 필요,창업기업,사업화,,"사업화 D-14 마감일자 2026-06-22 초격차 스타트업 프로젝트(DIPS) Link-up(링크업) - 4대 도메인 AX 프로그램 창업기업 모집공고(2차) 초격차 스타트업 프로젝트 창업진흥원 조회 5,955",45,needs_review
대구디지털혁신진흥원,2026년 AI 에이전트 구축 지원사업 최종 선정결과 안내,https://www.dip.or.kr/home/notice/businessbbs/boardRead.ubs?fboardcd=business&fboardnum=9044&sfpage=1&sfpsize=10&sfsearch=ftitle,2026-06-01,2026-06-29,D-21,확인 필요,,대구,콘텐츠기업,"AI, 콘텐츠",,진행중 2026년 AI 에이전트 구축 지원사업 최종 선정결과 안내 D-21 2457 DIP 결과 2026-06-01 ~ 2026-06-29 2026-06-01 286 대구디지털혁신진흥원 화면확대 인쇄 전체메뉴 알림마당 알림마당 공지사항 사업공고 채용공고 입찰공고 유관기관공고 통계/정책 사업안내 사업안내 디지털·AI...,43,updated
달구벌여성인력개발센터,공모전 D-59 마감일자 2026-08-06 2026년『제6회 대구 여성창업스타전』 공고 달구벌여성인력개발센터 조회 314,https://w-startup.daegu.go.kr/business/310,2026-06-01,2026-08-06,D-59,확인 필요,,대구,"창업기업, 예비창업자",여성창업,,공모전 D-59 마감일자 2026-08-06 2026년『제6회 대구 여성창업스타전』 공고 달구벌여성인력개발센터 조회 314 2026년『제6회 대구 여성창업스타전』 공고 > 사업공고 | 달구벌여성인력개발센터 달구벌여성창업플랫폼 회원가입 로그인 사업공고 모집중 모집마감 알림마당 공지사항 카드뉴스 창업정보 창업커뮤니티 자...,43,needs_review
달구벌여성인력개발센터,공모전 D-59 2026년『제6회 대구 여성창업스타전』 공고 달구벌여성인력개발센터 등록일자 2026-06-01 마감일자 2026-08-06 조회 314,https://w-startup.daegu.go.kr/business/310?sca=%EB%AA%A8%EC%A7%91%EC%A4%91,2026-06-01,2026-08-06,D-59,확인 필요,,대구,확인 필요,여성창업,,공모전 D-59 2026년『제6회 대구 여성창업스타전』 공고 달구벌여성인력개발센터 등록일자 2026-06-01 마감일자 2026-08-06 조회 314,43,needs_review
달구벌여성인력개발센터,2026년『제6회 대구 여성창업스타전』 공고 달구벌여성인력개발센터,https://w-startup.daegu.go.kr/business?sca=%EB%AA%A8%EC%A7%91%EC%A4%91&sort=edate,2026-08-06,2026-08-06,D-59,확인 필요,,대구,확인 필요,여성창업,,공모전 D-59 마감일자 2026-08-06 2026년『제6회 대구 여성창업스타전』 공고 달구벌여성인력개발센터 조회,43,needs_review
경남 의령군청,2026년 제2회 의령군의회 임기제공무원(정책지원관) 임용시험 공고 2026-06-08,https://www.uiryeong.go.kr/board/view.uiryeong?boardId=BBS_0000085&menuCd=DOM_000000203001001000&dataSid=1113015,2026-06-08,2026-06-08,D-0,확인 필요,,대구,소상공인,,,2026년 제2회 의령군의회 임기제공무원(정책지원관) 임용시험 공고 2026-06-08 군정소식 > 의령소식 > 군정소식 > 2026년 제2회 의령군의회 임기제공무원(정책지원관) 임용시험 공고 | 의령군청 본문 바로가기 본문바로가기 의령군청 주요 누리집 의령군청 의령군의회 국가상징 글자크기 증가 글자크기 글자크기 축...,40,new
달구벌여성인력개발센터,창업교육 D-1 [메타코드에이치][무료/선착순] 대구데이터역량강화교육 - 바이브코딩 웹 서비스 구현 메타코드에이치 등록일자 2026-05-18 마감일자 2026-06-09 조회 60,https://w-startup.daegu.go.kr/business/312?sca=%EB%AA%A8%EC%A7%91%EC%A4%91,2026-05-18,2026-06-09,D-1,확인 필요,,확인 필요,확인 필요,,,창업교육 D-1 [메타코드에이치][무료/선착순] 대구데이터역량강화교육 - 바이브코딩 웹 서비스 구현 메타코드에이치 등록일자 2026-05-18 마감일자 2026-06-09 조회 60,40,updated
달구벌여성인력개발센터,[메타코드에이치][무료/선착순] 대구데이터역량강화교육 - 바이브코딩 웹 서비스 구현 메타코드에이치,https://w-startup.daegu.go.kr/business?sca=%EB%AA%A8%EC%A7%91%EC%A4%91&sort=edate,,2026-06-09,D-1,확인 필요,,확인 필요,확인 필요,,,창업교육 D-1 [메타코드에이치][무료/선착순] 대구데이터역량강화교육 - 바이브코딩 웹 서비스 구현 메타코드에이치 등록일자,40,updated
부산테크노파크,사업공고 필요한 지원사업을 찾아보세요.,https://www.btp.or.kr/kor/CMS/Board/Board.do?mCode=MN013,2026-06-01,2026-06-12,D-4,확인 필요,,대구,중소기업,,,사업공고 필요한 지원사업을 찾아보세요. 부산테크노파크>공고 ̇안내>사업공고 스킵네비게이션 본문바로가기 주메뉴바로가기 검색어를 입력하세요 검색 로그인 회원가입 전체메뉴 부산테크노파크 전체메뉴열기 전체메뉴 로그인 회원가입 전체메뉴닫기 공고 ̇안내 사업공고 행사·공지 입주공고·신청 채용공고 유관기관소식 보도자료 기업지원...,40,updated
경남 의령군청,의령군 UIRYEONG 변화의시작 더 살기좋은 의령,https://www.uiryeong.go.kr/index.uiryeong,2025-12-01,2026-06-16,D-8,확인 필요,,대구,소상공인,,,의령군 UIRYEONG 변화의시작 더 살기좋은 의령 메뉴 종합민원 종합민원 변화의 시작 더 살기좋은 의령! 민원실안내 민원실배치도 편의시설 무인민원발급창구 안내 사회적 배려 대상자 우선창구 운영 민원이용 안내 민원편람 및 서식 민원서식 작성예시 민원서식 외국어 해석본 행정정보공동이용안내 민원제증명수수료 민원제증명 수...,40,updated
신용보증기금,KODIT 신용보증기금 KOREA CREDIT GUARANTEE FUND,https://www.kodit.or.kr/kodit/main.do,,,,확인 필요,,확인 필요,중소기업,"AR, 보증, 신용보증",https://www.kodit.or.kr/kodit/na/ntt/selectNttInfo.do?mi=2638&bbsId=148&nttSn=4809511,이 누리집은 신용보증기금 누리집입니다 신보 ON-Biz ENG 화면크기 화면크기 확대 화면크기 100% 화면크기 축소 KODIT 신용보증기금 KOREA CREDIT GUARANTEE FUND 신보소개 신보소개 CEO 인사말 프로필 주요 경영활동 CEO메시지 경영방침 역대 이사장 신보안내 개요 및 연혁 임원소개 조직안...,39,updated
소상공인시장진흥공단,소상공인 정책자금,https://ols.semas.or.kr/,,,,확인 필요,,확인 필요,확인 필요,정책자금,,index,39,needs_review
창업진흥원,"행사ᆞ네트워크 D-9 마감일자 2026-06-17 2026 K-Startup Grand Challenge (KSGC) Call for Applications for (Pre-)Startups K-스타트업그랜드 챌린지 창업진흥원 조회 14,303",https://www.k-startup.go.kr/web/contents/bizpbanc-ongoing.do?pbancSn=177516,2026-06-17,2026-06-17,D-9,확인 필요,,확인 필요,확인 필요,AR,,"행사ᆞ네트워크 D-9 마감일자 2026-06-17 2026 K-Startup Grand Challenge (KSGC) Call for Applications for (Pre-)Startups K-스타트업그랜드 챌린지 창업진흥원 조회 14,303",36,new
창업진흥원,"행사ᆞ네트워크 D-11 마감일자 2026-06-19 「AI+ OpenData 챌린지」참여기업 모집 연장 공고 「AI+ OpenData 챌린지」참여기업 모집공고 중소벤처기업진흥공단 조회 31,072",https://www.k-startup.go.kr/web/contents/bizpbanc-ongoing.do?pbancSn=177524,2026-06-19,2026-06-19,D-11,확인 필요,,확인 필요,확인 필요,AI,,"행사ᆞ네트워크 D-11 마감일자 2026-06-19 「AI+ OpenData 챌린지」참여기업 모집 연장 공고 「AI+ OpenData 챌린지」참여기업 모집공고 중소벤처기업진흥공단 조회 31,072",36,new
창업진흥원,2026년 지역 가치 창업가 육성 지원사업 새로운게시글 2026년 지역 가치 창업가 육성 지원사업 경기콘텐츠진흥원,https://www.k-startup.go.kr/web/contents/bizpbanc-ongoing.do,,2026-06-19,D-11,확인 필요,,확인 필요,확인 필요,콘텐츠,,사업화 D-11 2026년 지역 가치 창업가 육성 지원사업 새로운게시글 2026년 지역 가치 창업가 육성 지원사업 경기콘텐츠진흥원 등록일자,36,updated
대구디지털혁신진흥원,[2026년 K-하이테크 플랫폼 사업] 데이터분석준전문가(ADsP) 활용 과정 훈련생 모집 공고,https://www.dip.or.kr/home/notice/businessbbs/boardRead.ubs?fboardcd=business&fboardnum=9043&sfpage=1&sfpsize=10&sfsearch=ftitle,2026-06-01,2026-07-03,D-25,확인 필요,,대구,"콘텐츠기업, 대학생",콘텐츠,,진행중 [2026년 K-하이테크 플랫폼 사업] 데이터분석준전문가(ADsP) 활용 과정 훈련생 모집 공고 D-25 2456 DIP 사업 2026-06-01 ~ 2026-07-03 2026-06-01 228 대구디지털혁신진흥원 화면확대 인쇄 전체메뉴 알림마당 알림마당 공지사항 사업공고 채용공고 입찰공고 유관기관공고 통계...,34,updated
대구경북디자인진흥원,디자인지원 성과사례,https://www.dgdp.or.kr/design-info/result-case,,,,확인 필요,,대구,확인 필요,디자인,,디자인지원 성과사례 디자인지원 성과사례 | 대구경북디자인진흥원 기관소개 인사말 주요연혁 조직구성 찾아오시는 길 사업안내 디자인개발 디자인기반 디자인연구 공공서비스 알림마당 고시공고 진흥원소식 디자인정보 디자인이슈 디자인지원 성과사례 디자인정보자료실 디자인전문회사 DB 기관소개 인사말 주요연혁 조직구성 찾아오시는길 사...,34,updated
대구경북디자인진흥원,디자인정보자료실,https://www.dgdp.or.kr/design-info/assets,,,,확인 필요,,대구,확인 필요,디자인,,디자인정보자료실 디자인정보자료실 | 대구경북디자인진흥원 기관소개 인사말 주요연혁 조직구성 찾아오시는 길 사업안내 디자인개발 디자인기반 디자인연구 공공서비스 알림마당 고시공고 진흥원소식 디자인정보 디자인이슈 디자인지원 성과사례 디자인정보자료실 디자인전문회사 DB 기관소개 인사말 주요연혁 조직구성 찾아오시는길 사업안내...,34,updated
대구경북디자인진흥원,디자인전문회사 DB,https://www.dgdp.or.kr/design-info/db,,,,확인 필요,,대구,확인 필요,디자인,,디자인전문회사 DB 디자인전문회사 DB | 대구경북디자인진흥원 기관소개 인사말 주요연혁 조직구성 찾아오시는 길 사업안내 디자인개발 디자인기반 디자인연구 공공서비스 알림마당 고시공고 진흥원소식 디자인정보 디자인이슈 디자인지원 성과사례 디자인정보자료실 디자인전문회사 DB 기관소개 인사말 주요연혁 조직구성 찾아오시는길 사...,34,updated
부산테크노파크,"MAIN TOPIC 부산테크노파크, ‘제6차 부산 소장전문가 포럼’ 성료 혁신 신진전문가들, 기후위기 대응 주력산업 혁신 방안 논의",https://www.btp.or.kr/kor/CMS/Board/Board.do?mCode=MN191&mgr_seq=36&mode=view&mgr_seq=36&board_seq=9581900,,,,확인 필요,,대구,확인 필요,AI,,"MAIN TOPIC 부산테크노파크, ‘제6차 부산 소장전문가 포럼’ 성료 혁신 신진전문가들, 기후위기 대응 주력산업 혁신 방안 논의 부산테크노파크>홍보마당>최근소식>최근소식 상세 내용 스킵네비게이션 본문바로가기 주메뉴바로가기 검색어를 입력하세요 검색 로그인 회원가입 전체메뉴 부산테크노파크 전체메뉴열기 전체메뉴 로그인...",34,updated
부산테크노파크,"MAIN TOPIC 티피플러스(TiPi+), 서동 산복마을에 이웃의 온기를 더하다 마을주민 교류공간 조성을 위한 벤치 제작·기부로 생활환경 개선 동참",https://www.btp.or.kr/kor/CMS/Board/Board.do?mCode=MN191&mgr_seq=36&mode=view&mgr_seq=36&board_seq=9581899,,,,확인 필요,,대구,확인 필요,AI,,"MAIN TOPIC 티피플러스(TiPi+), 서동 산복마을에 이웃의 온기를 더하다 마을주민 교류공간 조성을 위한 벤치 제작·기부로 생활환경 개선 동참 부산테크노파크>홍보마당>최근소식>최근소식 상세 내용 스킵네비게이션 본문바로가기 주메뉴바로가기 검색어를 입력하세요 검색 로그인 회원가입 전체메뉴 부산테크노파크 전체메뉴열...",34,updated
경북 구미시청,게시판 탭 컨트롤로 돌아가기,https://www.gumi.go.kr/#mainBoard_tab_control,2026-06-08,2026-06-08,D-0,확인 필요,,경북,"제조업, 꽃","제조, 꽃",https://www.gumi.go.kr/portal/contents.do?mid=0705000000,공지사항 선택됨 고시/공고/입법 채용 일자리 문화행사 타기관 소식/공고 분묘개장 서비스 중단 게시판 탭 컨트롤로 돌아가기 구미시청 본문 바로가기 주메뉴 바로가기 이 누리집은 대한민국 공식 전자정부 누리집입니다. 포털사이트 열기 대표 포털 선택됨 대표 포털 통합예약 문화관광 일자리경제 구미 복지로 인구정책 기업지원 포...,33,updated
경북 구미시청,고시/공고/입법 더보기,https://www.gumi.go.kr/portal/saeol/gosi/list.do?seCode=01&mid=0401040000,2026-06-08,2026-06-08,D-0,확인 필요,,경북,"제조업, 꽃","제조, 꽃",https://www.gumi.go.kr/portal/contents.do?mid=0705000000,고시/공고/입법 고시/공고/입법 더보기 고시ᆞ공고ᆞ입법 목록 | 행정 알림 | 행정 정보 | 구미시청 홈페이지 본문 바로가기 주메뉴 바로가기 이 누리집은 대한민국 공식 전자정부 누리집입니다. 포털사이트 열기 대표 포털 선택됨 대표 포털 통합예약 문화관광 일자리경제 구미 복지로 인구정책 기업지원 포털사이트 닫기 월 기...,33,updated
경북 구미시청,탭으로 돌아가기,https://www.gumi.go.kr/#board_tabs,2026-06-08,2026-06-08,D-0,확인 필요,,경북,"제조업, 꽃","제조, 꽃",https://www.gumi.go.kr/portal/contents.do?mid=0705000000,공지사항 공지사항 더보기 고시/공고/입법 고시/공고/입법 더보기 채용 일자리 채용 일자리 더보기 문화행사 문화행사 더보기 타기관 소식/공고 타기관 소식/공고 더보기 분묘개장 분묘개장 더보기 서비스 중단 서비스 중단 더보기 탭으로 돌아가기 구미시청 본문 바로가기 주메뉴 바로가기 이 누리집은 대한민국 공식 전자정부 누리...,33,updated
경남 하동군청,주 메뉴 여닫기,https://www.hadong.go.kr/#tnb1c,2026-05-22,2026-06-12,D-4,확인 필요,,경남,"꽃, 대학생","영상, 꽃",,"주 메뉴 주 메뉴 여닫기 주 메뉴 닫기 Global Navigation HOME SITEMAP 웹사이트이용안내 소셜링크 하동군 페이스북 하동군 인스타 하동군 블로그 군정소식 군정소식 하동소식 새소식 공고고시 민간위탁공고 군정뉴스 보도자료 동영상 뉴스 하동포커스 이슈체크, 이건이렇습니다 하동 전자책 하동소식지 기관장...",33,updated
달구벌여성인력개발센터,사업화 D-32 [한국국제협력단(KOICA)]2026-2027 혁신적 기술 프로그램(CTS) 신규사업 공모 안내 한국국제협력단(KOICA) 등록일자 2026-05-11 마감일자 2026-07-10 조회 201,https://w-startup.daegu.go.kr/business/309?sca=%EB%AA%A8%EC%A7%91%EC%A4%91,2026-05-11,2026-07-10,D-32,확인 필요,,확인 필요,확인 필요,사업화,,사업화 D-32 [한국국제협력단(KOICA)]2026-2027 혁신적 기술 프로그램(CTS) 신규사업 공모 안내 한국국제협력단(KOICA) 등록일자 2026-05-11 마감일자 2026-07-10 조회 201,30,needs_review
달구벌여성인력개발센터,멘토링·컨설팅 D-67 [경북대학교 스타트업지원센터] 「스케일업 코디네이팅 프로그램」모집 공고 (멘토링) 경북대학교 스타트업지원센터 등록일자 2026-05-04 마감일자 2026-08-14 조회 119,https://w-startup.daegu.go.kr/business/303?sca=%EB%AA%A8%EC%A7%91%EC%A4%91,2026-05-04,2026-08-14,D-67,확인 필요,,확인 필요,확인 필요,스케일업,,멘토링·컨설팅 D-67 [경북대학교 스타트업지원센터] 「스케일업 코디네이팅 프로그램」모집 공고 (멘토링) 경북대학교 스타트업지원센터 등록일자 2026-05-04 마감일자 2026-08-14 조회 119,30,needs_review
달구벌여성인력개발센터,D-193 [중소벤처기업부] 『소상공인 경영안정 바우처 지원사업』 시행 공고 소상공인시장진흥공단 등록일자 2026-02-09 마감일자 2026-12-18 조회 4701,https://w-startup.daegu.go.kr/business/287?sca=%EB%AA%A8%EC%A7%91%EC%A4%91,2026-02-09,2026-12-18,D-193,확인 필요,,확인 필요,소상공인,바우처,,D-193 [중소벤처기업부] 『소상공인 경영안정 바우처 지원사업』 시행 공고 소상공인시장진흥공단 등록일자 2026-02-09 마감일자 2026-12-18 조회 4701,30,needs_review
달구벌여성인력개발센터,사업화 D-206 마감일자 2026-12-31 2026년 중앙부처 및 지자체 창업지원사업 통합공고 창업진흥원 조회 1507,https://w-startup.daegu.go.kr/business/277,2026-12-31,2026-12-31,D-206,확인 필요,,확인 필요,확인 필요,사업화,,사업화 D-206 마감일자 2026-12-31 2026년 중앙부처 및 지자체 창업지원사업 통합공고 창업진흥원 조회 1507,30,needs_review
달구벌여성인력개발센터,사업화 D-206 2026년 중앙부처 및 지자체 창업지원사업 통합공고 창업진흥원 등록일자 2026-01-01 마감일자 2026-12-31 조회 1507,https://w-startup.daegu.go.kr/business/277?sca=%EB%AA%A8%EC%A7%91%EC%A4%91,2026-01-01,2026-12-31,D-206,확인 필요,,확인 필요,확인 필요,사업화,,사업화 D-206 2026년 중앙부처 및 지자체 창업지원사업 통합공고 창업진흥원 등록일자 2026-01-01 마감일자 2026-12-31 조회 1507,30,needs_review
창업진흥원,"사업화 D-206 마감일자 2026-12-31 2026년 팁스(TIPS) 창업기업 지원계획 수정 공고 2026년 팁스(TIPS) 창업기업 지원계획 수정 공고 창업진흥원 조회 71,256",https://www.k-startup.go.kr/web/contents/bizpbanc-ongoing.do?pbancSn=176076,2026-12-31,2026-12-31,D-206,확인 필요,,확인 필요,창업기업,사업화,,"사업화 D-206 마감일자 2026-12-31 2026년 팁스(TIPS) 창업기업 지원계획 수정 공고 2026년 팁스(TIPS) 창업기업 지원계획 수정 공고 창업진흥원 조회 71,256",30,needs_review
창업진흥원,"사업화 D-206 마감일자 2026-12-31 2026년 중앙부처 및 지자체 창업지원사업 통합공고 2026년 중앙부처 및 지자체 창업지원사업 통합공고 창업진흥원 조회 173,969",https://www.k-startup.go.kr/web/contents/bizpbanc-ongoing.do?pbancSn=175783,2026-12-31,2026-12-31,D-206,확인 필요,,확인 필요,확인 필요,사업화,,"사업화 D-206 마감일자 2026-12-31 2026년 중앙부처 및 지자체 창업지원사업 통합공고 2026년 중앙부처 및 지자체 창업지원사업 통합공고 창업진흥원 조회 173,969",30,needs_review
창업진흥원,중소기업 기술개발사업 종합관리시스템 기술개발지원사업 정보 제공,https://www.k-startup.go.kr/magicsso/requestAuthEx.jsp?RelayState=https://www.smtech.go.kr/front/magicsso/requestConnect.jsp,,,,확인 필요,,확인 필요,중소기업,기술개발,,중소기업 기술개발사업 종합관리시스템 기술개발지원사업 정보 제공,30,needs_review
대구경북디자인진흥원,디자인기반 arrow_forward 디자인 기술혁신 인프라와 데이터를 구축합니다. 디자인기반,https://www.dgdp.or.kr/business-guide/design-base,,,,확인 필요,,확인 필요,확인 필요,"AR, 디자인",,디자인개발 arrow_forward 경쟁력 있는 상품이 되도록 디자인 개선을 지원합니다. 디자인개발 디자인기반 arrow_forward 디자인 기술혁신 인프라와 데이터를 구축합니다. 디자인기반 디자인연구 arrow_forward 혁신적인 디자인 솔루션을 연구하고 정보를 제공합니다. 디자인연구 공공서비스 arrow_f...,30,updated
대구경북디자인진흥원,디자인연구 arrow_forward 혁신적인 디자인 솔루션을 연구하고 정보를 제공합니다. 디자인연구,https://www.dgdp.or.kr/business-guide/design-rnd,,,,확인 필요,,확인 필요,확인 필요,"AR, 디자인",,디자인개발 arrow_forward 경쟁력 있는 상품이 되도록 디자인 개선을 지원합니다. 디자인개발 디자인기반 arrow_forward 디자인 기술혁신 인프라와 데이터를 구축합니다. 디자인기반 디자인연구 arrow_forward 혁신적인 디자인 솔루션을 연구하고 정보를 제공합니다. 디자인연구 공공서비스 arrow_f...,30,updated
대구경북디자인진흥원,공공서비스 arrow_forward 도시와 시민에 디자인으로 새로운 가치를 만듭니다. 공공서비스,https://www.dgdp.or.kr/business-guide/public-service,,,,확인 필요,,확인 필요,확인 필요,"AR, 디자인",,디자인개발 arrow_forward 경쟁력 있는 상품이 되도록 디자인 개선을 지원합니다. 디자인개발 디자인기반 arrow_forward 디자인 기술혁신 인프라와 데이터를 구축합니다. 디자인기반 디자인연구 arrow_forward 혁신적인 디자인 솔루션을 연구하고 정보를 제공합니다. 디자인연구 공공서비스 arrow_f...,30,updated
중소벤처기업진흥공단,기술사관 육성사업,https://www.smes.go.kr/sanhakin/?w2xPath=/wqxml/usr/10intd/intdBizTecho.xml,,,,확인 필요,,확인 필요,중소기업,"정책자금, 융자",,"정책자금융자 사업개요 융자대상 및 제한기업 융자절차 융자방식 세부사업 기업평가체계 지역본지부 예산현황 지역본지부 신청일정 안내 기업온라인 서비스 수출마케팅 공지사항 온라인수출지원사업 수출바우처사업 글로벌강소기업 1,000+ 프로젝트 전자상거래수출 시장진출 해외지사화사업 글로벌협력기반 구축 사업안내 해외거점형사업 글로...",30,updated
중소벤처기업진흥공단,중소기업 계약학과,https://www.smes.go.kr/sanhakin/?w2xPath=/wqxml/usr/10intd/intdBizCndept.xml,,,,확인 필요,,확인 필요,중소기업,"정책자금, 융자",,"정책자금융자 사업개요 융자대상 및 제한기업 융자절차 융자방식 세부사업 기업평가체계 지역본지부 예산현황 지역본지부 신청일정 안내 기업온라인 서비스 수출마케팅 공지사항 온라인수출지원사업 수출바우처사업 글로벌강소기업 1,000+ 프로젝트 전자상거래수출 시장진출 해외지사화사업 글로벌협력기반 구축 사업안내 해외거점형사업 글로...",30,updated
중소벤처기업진흥공단,외국전문인력 지원사업,https://k-work.or.kr,,,,확인 필요,,확인 필요,중소기업,"정책자금, 융자",,"정책자금융자 사업개요 융자대상 및 제한기업 융자절차 융자방식 세부사업 기업평가체계 지역본지부 예산현황 지역본지부 신청일정 안내 기업온라인 서비스 수출마케팅 공지사항 온라인수출지원사업 수출바우처사업 글로벌강소기업 1,000+ 프로젝트 전자상거래수출 시장진출 해외지사화사업 글로벌협력기반 구축 사업안내 해외거점형사업 글로...",30,updated
경북신용보증재단,경북신용보증재단,https://www.gbsinbo.or.kr/,,,,확인 필요,,확인 필요,확인 필요,"보증, 신용보증",,대전금융복지상담센터,30,updated
경남 사천시청,정신건강 심리상담 바우처사업,https://www.sacheon.go.kr/life/00327/05253.web,,,,확인 필요,,확인 필요,확인 필요,바우처,"https://www.sacheon.go.kr/sn3hcv_data.jsp?name=smart/00174_d1.xlsx, https://www.sacheon.go.kr/portal/data/hwp/minwon/06_09_2022.hwp, https://www.sacheon.go.kr/portal/data/hwp/life/life_00633_2025.hwp, https://www.sacheon.go.kr/sn3hcv_data.jsp?name=smart/20260310.pdf",정신건강 심리상담 바우처사업,30,needs_review
창업진흥원,오늘마감 마감일자 2026-06-08 초격차 스타트업 프로젝트 모두의 챌린지 플랫폼 참여기업 모집공고 초격차 스타트업 프로젝트,https://www.k-startup.go.kr/web/contents/bizpbanc-ongoing.do,2026-06-08,2026-06-08,D-0,확인 필요,,확인 필요,확인 필요,사업화,,사업화 오늘마감 마감일자 2026-06-08 초격차 스타트업 프로젝트 모두의 챌린지 플랫폼 참여기업 모집공고 초격차 스타트업 프로젝트 창업진흥원,27,updated
창업진흥원,오늘마감 마감일자 2026-06-08 초격차 스타트업 프로젝트 모두의 챌린지 뷰티 참여기업 모집공고 초격차 스타트업 프로젝트,https://www.k-startup.go.kr/web/contents/bizpbanc-ongoing.do,2026-06-08,2026-06-08,D-0,확인 필요,,확인 필요,확인 필요,사업화,,사업화 오늘마감 마감일자 2026-06-08 초격차 스타트업 프로젝트 모두의 챌린지 뷰티 참여기업 모집공고 초격차 스타트업 프로젝트 창업진흥원,27,updated
부산테크노파크,2026년 치의학산업 디지털 전환을 위한 기술플랫폼 구축사업 모집공고(재공고 3차) 2026.06.08,https://www.btp.or.kr/kor/CMS/Board/Board.do?mCode=MN013&mode=view&&mgr_seq=16&board_seq=9582007,2026-06-08,2026-06-08,D-0,확인 필요,,확인 필요,확인 필요,,,2026년 치의학산업 디지털 전환을 위한 기술플랫폼 구축사업 모집공고(재공고 3차) 2026.06.08,27,updated
경남 사천시청,공고/고시/시험,https://www.sacheon.go.kr/#notice1c3,2026-05-20,2026-06-08,D-0,500만 원,5000000,경남,마을기업,,"https://www.sacheon.go.kr/sn3hcv_data.jsp?name=smart/00174_d1.xlsx, https://www.sacheon.go.kr/portal/data/hwp/minwon/06_09_2022.hwp, https://www.sacheon.go.kr/portal/data/hwp/life/life_00633_2025.hwp, https://www.sacheon.go.kr/sn3hcv_data.jsp?name=smart/20260310.pdf",공지사항 06일 2026.06 지역경제과 행정안전부는 전국 마을기업의 우수 사례와 현장 이야기를 널리 알리고 마을기업에 대한 국민적 관심을 높이기 위해 온라인 홍보 매체 월간 마을기업을 제작하고 있습니다. ○ 웹진 개요 - 명 칭 : 「월간 마을기업」 - 발간주기: 월 1회 - 발간일 : 2026. 6. 2. - 발...,27,updated
경남 의령군청,"의령군, 청년농업인 영농정착지원사업 모집 2026-06-08",https://www.uiryeong.go.kr/board/view.uiryeong?boardId=BBS_0000080&menuCd=DOM_000000203001005000&contentsSid=189&cpath=&dataSid=1113006,2026-06-08,2026-06-08,D-0,확인 필요,,확인 필요,확인 필요,,,"의령군, 청년농업인 영농정착지원사업 모집 2026-06-08",27,updated
경남 의령군청,보도자료 더보기,https://www.uiryeong.go.kr/board/list.uiryeong?boardId=BBS_0000080&menuCd=DOM_000000203001005000&contentsSid=189,2026-05-28,2026-06-08,D-0,확인 필요,,전국,확인 필요,,,"의령군, 8월부터 지방세입 체납관리단 운영 2026-06-08 의령군, 청년농업인 영농정착지원사업 모집 2026-06-08 의령서 만나는 국보와 이건희 컬렉션...의병박물관 특별전 개최 2026-06-03 의령군, 제16회 의병의 날 기념식 개최...충의정신 계승 2026-06-02 의령 청년가게 4곳 새 출발......",27,updated
경남 의령군청,2027년 농림사업(산림소득분야) 신청 안내 공고 2026-06-08,https://www.uiryeong.go.kr/board/view.uiryeong?boardId=BBS_0000070&menuCd=DOM_000000203003001001&startPage=1&dataSid=316445&gosiNo=35890,2026-06-08,2026-06-08,D-0,확인 필요,,확인 필요,확인 필요,,,2027년 농림사업(산림소득분야) 신청 안내 공고 2026-06-08,27,updated
경남 의령군청,2026년 농지 전수조사 및 농지대장 현행화 조사원 채용재공고 2026-06-08,https://www.uiryeong.go.kr/board/view.uiryeong?boardId=BBS_0000070&menuCd=DOM_000000203003001001&startPage=1&dataSid=316445&gosiNo=35892,2026-06-08,2026-06-08,D-0,확인 필요,,확인 필요,확인 필요,,,2026년 농지 전수조사 및 농지대장 현행화 조사원 채용재공고 2026-06-08,27,updated
경남 의령군청,2026년 농지 전수조사 및 농지대장 현행화 기간제근로자 공고 2026-06-08,https://www.uiryeong.go.kr/board/view.uiryeong?boardId=BBS_0000070&menuCd=DOM_000000203003001001&startPage=1&dataSid=316445&gosiNo=35893,2026-06-08,2026-06-08,D-0,확인 필요,,확인 필요,확인 필요,,,2026년 농지 전수조사 및 농지대장 현행화 기간제근로자 공고 2026-06-08,27,updated
경남 의령군청,건설안전점검 수행기관 지정 공고(보천 농어촌마을 하수도 설치사업).. 2026-06-08,https://www.uiryeong.go.kr/board/view.uiryeong?boardId=BBS_0000070&menuCd=DOM_000000203003001001&startPage=1&dataSid=316445&gosiNo=35873,2026-06-08,2026-06-08,D-0,확인 필요,,확인 필요,확인 필요,,,건설안전점검 수행기관 지정 공고(보천 농어촌마을 하수도 설치사업).. 2026-06-08,27,updated
경남 의령군청,고시공고 더보기,https://www.uiryeong.go.kr/index.uiryeong?menuCd=DOM_000000203003001001,2026-06-05,2026-06-08,D-0,확인 필요,,확인 필요,확인 필요,,,2027년 농림사업(산림소득분야) 신청 안내 공고 2026-06-08 2026년 농지 전수조사 및 농지대장 현행화 조사원 채용재공고 2026-06-08 2026년 농지 전수조사 및 농지대장 현행화 기간제근로자 공고 2026-06-08 건설안전점검 수행기관 지정 공고(보천 농어촌마을 하수도 설치사업).. 2026-06...,27,updated
경남 하동군청,지역활력추진단 2026년 하동군 귀농귀촌사관학교 참가자 추가모집 하동군 귀농·귀촌인의 안정적인 정착과 도시민의 성공적인 귀농·귀촌을 위한 <2026년 하동군 귀농귀촌 사관학교> 교육 참가자를 다음과 같이 모집합니다. 1. 접수기간 : 2026. 2026-06-08,https://www.hadong.go.kr/media/00008/00009.web?amode=view&idx=37810297&gcode=1001,2026-06-08,2026-06-08,D-0,확인 필요,,확인 필요,확인 필요,,,지역활력추진단 2026년 하동군 귀농귀촌사관학교 참가자 추가모집 하동군 귀농·귀촌인의 안정적인 정착과 도시민의 성공적인 귀농·귀촌을 위한 <2026년 하동군 귀농귀촌 사관학교> 교육 참가자를 다음과 같이 모집합니다. 1. 접수기간 : 2026. 2026-06-08,27,new
경남 하동군청,경제통상과 2026년도 하동공설시장 주차장 관리 기간제근로자 채용 공고 2026년도 하동공설시장 주차장 관리 기간제근로자 채용 공고 2026-06-08,https://www.hadong.go.kr/media/00012.web?amode=view&not_ancmt_mgt_no=44457,2026-06-08,2026-06-08,D-0,확인 필요,,확인 필요,확인 필요,,,경제통상과 2026년도 하동공설시장 주차장 관리 기간제근로자 채용 공고 2026년도 하동공설시장 주차장 관리 기간제근로자 채용 공고 2026-06-08,27,updated
경남 하동군청,재정관리과 2026년 제1기분 자동차세 관련 개인정보 제3자 제공 공고 2026년 제1기분 자동차세 관련 개인정보 제3자 제공 공고 2026-06-08,https://www.hadong.go.kr/media/00012.web?amode=view&not_ancmt_mgt_no=44456,2026-06-08,2026-06-08,D-0,확인 필요,,확인 필요,확인 필요,,,재정관리과 2026년 제1기분 자동차세 관련 개인정보 제3자 제공 공고 2026년 제1기분 자동차세 관련 개인정보 제3자 제공 공고 2026-06-08,27,updated
경남 하동군청,고전면 2026년 국가유산 하동읍성 기간제근로자 채용 최종합격자 공고 2026년 국가유산 하동읍성 기간제근로자 채용 최종합격자 공고 2026-06-08,https://www.hadong.go.kr/media/00012.web?amode=view&not_ancmt_mgt_no=44455,2026-06-08,2026-06-08,D-0,확인 필요,,확인 필요,확인 필요,,,고전면 2026년 국가유산 하동읍성 기간제근로자 채용 최종합격자 공고 2026년 국가유산 하동읍성 기간제근로자 채용 최종합격자 공고 2026-06-08,27,updated
창업진흥원,"행사ᆞ네트워크 D-1 마감일자 2026-06-09 2026년 「민관협력 오픈이노베이션 지원」 제2차 수요기업·기관 협업 과제 및 프로그램 모집공고 민관협력 오픈이노베이션 지원사업 창업진흥원 조회 13,854",https://www.k-startup.go.kr/web/contents/bizpbanc-ongoing.do?pbancSn=177743,2026-06-09,2026-06-09,D-1,확인 필요,,확인 필요,확인 필요,,,"행사ᆞ네트워크 D-1 마감일자 2026-06-09 2026년 「민관협력 오픈이노베이션 지원」 제2차 수요기업·기관 협업 과제 및 프로그램 모집공고 민관협력 오픈이노베이션 지원사업 창업진흥원 조회 13,854",27,new
창업진흥원,'2026년 전남 글로벌 스타트업 육성사업(베트남)' 참여기업 모집 새로운게시글 '2026년 전남 글로벌 스타트업 육성사업(베트남)' 전남창조경제혁신센터,https://www.k-startup.go.kr/web/contents/bizpbanc-ongoing.do,,2026-06-10,D-2,확인 필요,,확인 필요,확인 필요,,,글로벌 D-2 '2026년 전남 글로벌 스타트업 육성사업(베트남)' 참여기업 모집 새로운게시글 '2026년 전남 글로벌 스타트업 육성사업(베트남)' 전남창조경제혁신센터 등록일자,27,updated
대구디지털혁신진흥원,「2026년 출판IP 원스톱 지원사업 모집 공고 」,https://www.dip.or.kr/home/notice/businessbbs/boardRead.ubs?fboardcd=business&fboardnum=9040&sfpage=1&sfpsize=10&sfsearch=ftitle,2026-05-28,2026-06-11,D-3,확인 필요,,확인 필요,확인 필요,,,진행중 「2026년 출판IP 원스톱 지원사업 모집 공고 」 D-3 2454 DIP 사업 2026-05-28 ~ 2026-06-11 2026-05-28 294,27,updated
경남 하동군청,일자리 정보 더보기,https://www.hadong.go.kr/specialty/00224/00412.web,2026-06-01,2026-06-12,D-4,확인 필요,,확인 필요,대학생,,,"지역활력추진단 [행정과] 2026년 하동군 여름방학 공공기관 대학생 아르바이트 단시간 근로자 채용(선발) 공고 2026년 하동군 여름방학 공공기관 대학생 아르바이트 단시간 근로자 채용(선발)과 관련하여 붙임과 같이 공고하오니, 많은 신청 바랍니다. 2026-06-04 지역활력추진단 [지역활력추진단] HACCP(해썹)...",27,updated
달구벌여성인력개발센터,시설·공간·보육 D-7 [ 칠곡군 중장년 기술창업센터] Pre-인큐베이팅 창업교육 수강생 모집 경북과학대학교 산학협력단 등록일자 2026-05-18 마감일자 2026-06-15 조회 31,https://w-startup.daegu.go.kr/business/311?sca=%EB%AA%A8%EC%A7%91%EC%A4%91,2026-05-18,2026-06-15,D-7,확인 필요,,확인 필요,확인 필요,,,시설·공간·보육 D-7 [ 칠곡군 중장년 기술창업센터] Pre-인큐베이팅 창업교육 수강생 모집 경북과학대학교 산학협력단 등록일자 2026-05-18 마감일자 2026-06-15 조회 31,27,updated
달구벌여성인력개발센터,[ 칠곡군 중장년 기술창업센터] Pre-인큐베이팅 창업교육 수강생 모집 경북과학대학교 산학협력단,https://w-startup.daegu.go.kr/business?sca=%EB%AA%A8%EC%A7%91%EC%A4%91&sort=edate,,2026-06-15,D-7,확인 필요,,확인 필요,확인 필요,,,시설·공간·보육 D-7 [ 칠곡군 중장년 기술창업센터] Pre-인큐베이팅 창업교육 수강생 모집 경북과학대학교 산학협력단 등록일자,27,updated
창업진흥원,"행사ᆞ네트워크 D-7 마감일자 2026-06-15 「2026년 민관협력 오픈이노베이션 지원사업」중견기업-스타트업 오픈이노베이션 스타트업 모집공고 민관협력 오픈이노베이션 지원사업 창업진흥원 조회 17,724",https://www.k-startup.go.kr/web/contents/bizpbanc-ongoing.do?pbancSn=177806,2026-06-15,2026-06-15,D-7,확인 필요,,확인 필요,확인 필요,,,"행사ᆞ네트워크 D-7 마감일자 2026-06-15 「2026년 민관협력 오픈이노베이션 지원사업」중견기업-스타트업 오픈이노베이션 스타트업 모집공고 민관협력 오픈이노베이션 지원사업 창업진흥원 조회 17,724",27,new
창업진흥원,"멘토링ᆞ컨설팅ᆞ교육 D-7 마감일자 2026-06-15 2026년 창업이민종합지윈시스템(OASIS 4&5) 참여자 모집 공고 2026년 창업이민종합지윈시스템(OASIS 4&5) 참여자 모집 공고 창업진흥원 조회 18,231",https://www.k-startup.go.kr/web/contents/bizpbanc-ongoing.do?pbancSn=177196,2026-06-15,2026-06-15,D-7,확인 필요,,확인 필요,확인 필요,,,"멘토링ᆞ컨설팅ᆞ교육 D-7 마감일자 2026-06-15 2026년 창업이민종합지윈시스템(OASIS 4&5) 참여자 모집 공고 2026년 창업이민종합지윈시스템(OASIS 4&5) 참여자 모집 공고 창업진흥원 조회 18,231",27,new
창업진흥원,2026 여성벤처 글로벌화 지원 프로그램 새로운게시글 2026 여성벤처 글로벌화 지원 프로그램 (사)한국여성벤처협회,https://www.k-startup.go.kr/web/contents/bizpbanc-ongoing.do,,2026-06-17,D-9,확인 필요,,확인 필요,확인 필요,,,글로벌 D-9 2026 여성벤처 글로벌화 지원 프로그램 새로운게시글 2026 여성벤처 글로벌화 지원 프로그램 (사)한국여성벤처협회 등록일자,27,new
창업진흥원,"판로ᆞ해외진출 D-10 마감일자 2026-06-18 2026년도 조달청 벤처나라 입점 기관추천(7월~12월) 참가기업 모집공고 2026년도 조달청 벤처나라 입점 기관추천(7월~12월) 참가기업 모집공고 창업진흥원 조회 13,655",https://www.k-startup.go.kr/web/contents/bizpbanc-ongoing.do?pbancSn=177686,2026-06-18,2026-06-18,D-10,확인 필요,,확인 필요,확인 필요,,,"판로ᆞ해외진출 D-10 마감일자 2026-06-18 2026년도 조달청 벤처나라 입점 기관추천(7월~12월) 참가기업 모집공고 2026년도 조달청 벤처나라 입점 기관추천(7월~12월) 참가기업 모집공고 창업진흥원 조회 13,655",27,new
달구벌여성인력개발센터,창업교육 D-13 [한국특허정보원] 2026년 4회차 지식재산권 무료 초청교육 수요조사 한국특허정보원 등록일자 2026-05-27 마감일자 2026-06-21 조회 30,https://w-startup.daegu.go.kr/business/313?sca=%EB%AA%A8%EC%A7%91%EC%A4%91,2026-05-27,2026-06-21,D-13,확인 필요,,확인 필요,확인 필요,,,창업교육 D-13 [한국특허정보원] 2026년 4회차 지식재산권 무료 초청교육 수요조사 한국특허정보원 등록일자 2026-05-27 마감일자 2026-06-21 조회 30,27,updated
달구벌여성인력개발센터,[한국특허정보원] 2026년 4회차 지식재산권 무료 초청교육 수요조사 한국특허정보원,https://w-startup.daegu.go.kr/business?sca=%EB%AA%A8%EC%A7%91%EC%A4%91&sort=edate,,2026-06-21,D-13,확인 필요,,확인 필요,확인 필요,,,창업교육 D-13 [한국특허정보원] 2026년 4회차 지식재산권 무료 초청교육 수요조사 한국특허정보원 등록일자,27,updated
창업진흥원,"행사ᆞ네트워크 D-14 마감일자 2026-06-22 「민관협력 오픈이노베이션 지원」 2026년 제2차 방산 스타트업 챌린지(모두의 챌린지–방산) 수요기업 협업 과제 모집공고 민관협력 오픈이노베이션 지원사업 창업진흥원 조회 4,671",https://www.k-startup.go.kr/web/contents/bizpbanc-ongoing.do?pbancSn=177933,2026-06-22,2026-06-22,D-14,확인 필요,,확인 필요,확인 필요,,,"행사ᆞ네트워크 D-14 마감일자 2026-06-22 「민관협력 오픈이노베이션 지원」 2026년 제2차 방산 스타트업 챌린지(모두의 챌린지–방산) 수요기업 협업 과제 모집공고 민관협력 오픈이노베이션 지원사업 창업진흥원 조회 4,671",27,new
창업진흥원,초격차 스타트업 프로젝트(DIPS) Link-up(링크업) - 4대 도메인 AX 프로그램 창업기업 모집공고(2차) 초격차 스타트업 프로젝트,https://www.k-startup.go.kr/web/contents/bizpbanc-ongoing.do,2026-06-22,2026-06-22,D-14,확인 필요,,확인 필요,창업기업,사업화,,사업화 D-14 마감일자 2026-06-22 초격차 스타트업 프로젝트(DIPS) Link-up(링크업) - 4대 도메인 AX 프로그램 창업기업 모집공고(2차) 초격차 스타트업 프로젝트 창업진흥원,27,updated
대구시사회적경제지원센터,[KBS대구경북뉴스] '마을의 꿈' 25-10-22 일자 방영 (이음발달지원센터(주)),https://youtu.be/B4L1uT3mxFs,,,,확인 필요,,확인 필요,확인 필요,,,[KBS대구경북뉴스] '마을의 꿈' 25-10-22 일자 방영 (이음발달지원센터(주)),25,updated
경남 의령군청,관련사이트 바로가기,https://www.uiryeong.go.kr/,,,,확인 필요,,대구,확인 필요,,,관련사이트 바로가기 시·군 창원시 진주시 통영시 사천시 김해시 밀양시 거제시 양산시 함안군 창녕군 고성군 남해군 하동군 산청군 함양군 거창군 합천군 광역자치단체 서울특별시 부산광역시 대구광역시 인천광역시 광주광역시 대전광역시 울산광역시 세종특별자치시 경기도 강원도 충청북도 충청남도 전라북도 전라남도 경상북도 경상남도...,25,updated
경남 의령군청,중앙행정기관(새창),https://www.gov.kr/portal/orgInfo?Mcode=11180,,,,확인 필요,,대구,확인 필요,,,시·군 창원시 진주시 통영시 사천시 김해시 밀양시 거제시 양산시 함안군 창녕군 고성군 남해군 하동군 산청군 함양군 거창군 합천군 광역자치단체 서울특별시 부산광역시 대구광역시 인천광역시 광주광역시 대전광역시 울산광역시 세종특별자치시 경기도 강원도 충청북도 충청남도 전라북도 전라남도 경상북도 경상남도 제주특별자치도 중앙...,25,updated
경남 의령군청,의령청소년 문화의집,http://www.yuc.or.kr/main/main.php,,,,확인 필요,,대구,확인 필요,,,시·군 창원시 진주시 통영시 사천시 김해시 밀양시 거제시 양산시 함안군 창녕군 고성군 남해군 하동군 산청군 함양군 거창군 합천군 광역자치단체 서울특별시 부산광역시 대구광역시 인천광역시 광주광역시 대전광역시 울산광역시 세종특별자치시 경기도 강원도 충청북도 충청남도 전라북도 전라남도 경상북도 경상남도 제주특별자치도 중앙...,25,updated
경남 의령군청,자굴산자연휴양림,https://www.foresttrip.go.kr/indvz/main.do?hmpgId=ID02030113,,,,확인 필요,,대구,확인 필요,,,시·군 창원시 진주시 통영시 사천시 김해시 밀양시 거제시 양산시 함안군 창녕군 고성군 남해군 하동군 산청군 함양군 거창군 합천군 광역자치단체 서울특별시 부산광역시 대구광역시 인천광역시 광주광역시 대전광역시 울산광역시 세종특별자치시 경기도 강원도 충청북도 충청남도 전라북도 전라남도 경상북도 경상남도 제주특별자치도 중앙...,25,updated
경남 사천시청,공고/고시/시험,https://www.sacheon.go.kr/news/00009/00014.web,2025-08-13,2026-06-15,D-7,"1,032,240원",1032240,경남,"중소기업, 꽃, 문화예술",꽃,"https://www.sacheon.go.kr/sn3hcv_data.jsp?name=smart/00174_d1.xlsx, https://www.sacheon.go.kr/portal/data/hwp/minwon/06_09_2022.hwp, https://www.sacheon.go.kr/portal/data/hwp/life/life_00633_2025.hwp, https://www.sacheon.go.kr/sn3hcv_data.jsp?name=smart/20260310.pdf",공고/고시/시험 사천시 : 대한민국 우주항공 수도 본문 바로가기 이 누리집은 대한민국 공식 전자정부 누리집입니다. 통합검색 펼치기 통합검색 검색 통합검색 접기 홈으로 누리집지도 디지털사천문화대전 사천시의회 KOR 펼치기 ENG 中國語 日本語 KOR 접기 상단 메뉴 주 메뉴 주메뉴펼치기 주메뉴닫기 홈으로 누리집지도 디...,24,new
창업진흥원,[서귀포시 스타트업베이] 2026년 서귀포시 STARTUPBAY 실전창업아카데미 교육생 모집(~6/24) 새로운게시글,https://www.k-startup.go.kr/web/contents/bizpbanc-ongoing.do?pbancSn=178010,,2026-06-24,D-16,확인 필요,,확인 필요,확인 필요,AR,,[서귀포시 스타트업베이] 2026년 서귀포시 STARTUPBAY 실전창업아카데미 교육생 모집(~6/24) 새로운게시글,21,new
창업진흥원,[서귀포시 스타트업베이] 2026년 서귀포시 STARTUPBAY 실전창업아카데미 교육생 모집(~6/24) 새로운게시글 서귀포시 스타트업베이 넥스트챌린지,https://www.k-startup.go.kr/web/contents/bizpbanc-ongoing.do,,2026-06-24,D-16,확인 필요,,확인 필요,확인 필요,AR,,창업교육 D-16 [서귀포시 스타트업베이] 2026년 서귀포시 STARTUPBAY 실전창업아카데미 교육생 모집(~6/24) 새로운게시글 서귀포시 스타트업베이 넥스트챌린지 등록일자,21,new
창업진흥원,2026년 창업지원사업 통합공고,https://www.k-startup.go.kr/web/contents/webFSBIPBANC.do,,,,"2,740억원",274000000000,확인 필요,"창업기업, 예비창업자, 중소기업, 소상공인",AR,,2026년 창업지원사업 통합공고 K-Startup 창업지원포털>사업소개>2026년 창업지원사업 통합공고 본문 바로가기 중소벤처기업부 창업진흥원 사업신청관리 자주하는 질문 로그인 회원가입 중기원패스 통합로그인 페이스북 새창으로 열기 블로그 새창으로 열기 마이페이지 로그인 중기원패스 통합로그인 사업소개 2026년 창업지...,21,updated
대구경북디자인진흥원,Material Connexion,https://www.materialconnexion.com/,,,,확인 필요,,확인 필요,확인 필요,디자인,,Material Connexion 디자인 소재은행 DGDP Trend Magazine 쉬메릭 온라인 쇼핑몰 착한나눔 더나누기 디자인 통합플랫폼 디자인 권리보호 국민권익 위원회,21,updated
대구경북디자인진흥원,디자인 소재은행,http://designmb.cgimall.co.kr/,,,,확인 필요,,확인 필요,확인 필요,디자인,,Material Connexion 디자인 소재은행 DGDP Trend Magazine 쉬메릭 온라인 쇼핑몰 착한나눔 더나누기 디자인 통합플랫폼 디자인 권리보호 국민권익 위원회,21,updated
대구경북디자인진흥원,DGDP Trend Magazine,https://dgdptm.com/,,,,확인 필요,,확인 필요,확인 필요,디자인,,Material Connexion 디자인 소재은행 DGDP Trend Magazine 쉬메릭 온라인 쇼핑몰 착한나눔 더나누기 디자인 통합플랫폼 디자인 권리보호 국민권익 위원회,21,updated
대구경북디자인진흥원,쉬메릭 온라인 쇼핑몰,https://www.chimeric.kr/,,,,확인 필요,,확인 필요,확인 필요,디자인,,Material Connexion 디자인 소재은행 DGDP Trend Magazine 쉬메릭 온라인 쇼핑몰 착한나눔 더나누기 디자인 통합플랫폼 디자인 권리보호 국민권익 위원회,21,updated
대구경북디자인진흥원,착한나눔 더나누기,http://www.thenanugi.or.kr/,,,,확인 필요,,확인 필요,확인 필요,디자인,,Material Connexion 디자인 소재은행 DGDP Trend Magazine 쉬메릭 온라인 쇼핑몰 착한나눔 더나누기 디자인 통합플랫폼 디자인 권리보호 국민권익 위원회,21,updated
대구경북디자인진흥원,디자인 통합플랫폼,https://www.rdcdp.or.kr/,,,,확인 필요,,확인 필요,확인 필요,디자인,,Material Connexion 디자인 소재은행 DGDP Trend Magazine 쉬메릭 온라인 쇼핑몰 착한나눔 더나누기 디자인 통합플랫폼 디자인 권리보호 국민권익 위원회,21,updated
대구경북디자인진흥원,디자인 권리보호,https://drights.kidp.or.kr/,,,,확인 필요,,확인 필요,확인 필요,디자인,,Material Connexion 디자인 소재은행 DGDP Trend Magazine 쉬메릭 온라인 쇼핑몰 착한나눔 더나누기 디자인 통합플랫폼 디자인 권리보호 국민권익 위원회,21,updated
대구경북디자인진흥원,국민권익 위원회,https://www.clean.go.kr/,,,,확인 필요,,확인 필요,확인 필요,디자인,,Material Connexion 디자인 소재은행 DGDP Trend Magazine 쉬메릭 온라인 쇼핑몰 착한나눔 더나누기 디자인 통합플랫폼 디자인 권리보호 국민권익 위원회,21,updated
신용보증기금,스타트업지원 업무,https://www.kodit.or.kr/kodit/cm/cntnts/cntntsView.do?mi=2562&cntntsId=11233,,,,확인 필요,,확인 필요,확인 필요,AR,https://www.kodit.or.kr/kodit/na/ntt/selectNttInfo.do?mi=2638&bbsId=148&nttSn=4809511,스타트업지원 업무 업무개요 Start-up Nest U-Connect 스타트업 전담 지원프로그램 NEST Space,21,updated
대구시사회적경제지원센터,2023 사회적가치 확산 사업 '가치피움' 홍보영상,https://www.youtube.com/watch?v=9dg0iOXO8Zo,,,,확인 필요,,확인 필요,확인 필요,영상,,2023 사회적가치 확산 사업 '가치피움' 홍보영상,21,updated
부산테크노파크,범일의류제조지원센터,https://c14.kr/,,,,확인 필요,,확인 필요,확인 필요,제조,,범일의류제조지원센터,21,updated
경남 하동군청,세입세출운영상황 공개,https://www.hadong.go.kr/05194/05103.web,,,,확인 필요,,확인 필요,확인 필요,영상,,세입세출운영상황 공개 자금운용현황 세입현황 세출현황 세부사업별 예산현액 및 지출액,21,updated
경남 하동군청,AIRKOREA,http://www.airkorea.or.kr/index,,,,확인 필요,,확인 필요,확인 필요,AI,,AIRKOREA,21,updated
창업진흥원,[윌로펌프 재공고] '스타트업 오픈이노베이션 챌린지 2026 In 부산' 참여기업 모집 새로운게시글 [윌로펌프 재공고]' 스타트업 오픈이노베이션 챌린지 In 부산 2026' 참여기업 모집 부산창조경제혁신센터,https://www.k-startup.go.kr/web/contents/bizpbanc-ongoing.do,,2026-06-12,D-4,확인 필요,,부산,확인 필요,사업화,,사업화 D-4 [윌로펌프 재공고] '스타트업 오픈이노베이션 챌린지 2026 In 부산' 참여기업 모집 새로운게시글 [윌로펌프 재공고]' 스타트업 오픈이노베이션 챌린지 In 부산 2026' 참여기업 모집 부산창조경제혁신센터 등록일자,15,updated
경남 하동군청,귀농귀촌지원센터,https://www.hadong.go.kr/refarm.web,2021-01-01,2026-06-17,D-9,확인 필요,,경남,확인 필요,,"https://www.hadong.go.kr/04835.web?gcode=4027&idx=37810298&amode=view&, https://www.hadong.go.kr/04835.web?gcode=4027&idx=37810180&amode=view&",귀농귀촌지원센터 하동군 귀농귀촌지원센터 본문 바로가기 주 메뉴 바로가기 상단 메뉴 주 메뉴 펼치기 하동소개 일반현황 귀농귀촌 현황 농업환경 주요 농특산물 귀농귀촌 보조사업 귀농귀촌 보조사업 농어업인보조사업 편람 귀농귀촌가이드 귀농귀촌 길잡이 주택 및 농지구입 절차 주택구입 절차 주택신축 절차 농지구입 절차 농업경영체...,15,updated
창업진흥원,초격차 스타트업 프로젝트 모두의 챌린지 AX 참여기업 모집공고(추경) 초격차 스타트업 프로젝트,https://www.k-startup.go.kr/web/contents/bizpbanc-ongoing.do,2026-06-24,2026-06-24,D-16,확인 필요,,확인 필요,확인 필요,사업화,,사업화 D-16 마감일자 2026-06-24 초격차 스타트업 프로젝트 모두의 챌린지 AX 참여기업 모집공고(추경) 초격차 스타트업 프로젝트 창업진흥원,12,updated
대구디지털혁신진흥원,SW학습과정 제안서 평가위원 후보 추천요청,https://www.dip.or.kr/home/notice/businessbbs/boardRead.ubs?fboardcd=business&fboardnum=9032&sfpage=1&sfpsize=10&sfsearch=ftitle,2026-05-26,2026-06-26,D-18,확인 필요,,확인 필요,확인 필요,,,진행중 SW학습과정 제안서 평가위원 후보 추천요청 D-18 2451 DIP 사업 2026-05-26 ~ 2026-06-26 2026-05-26 292,12,updated
대구디지털혁신진흥원,[2026년 디지털 헬스케어 시민체감형 시범서비스 운영사업] 2차년도 참여기업 선정평가 결과 안내,https://www.dip.or.kr/home/notice/businessbbs/boardRead.ubs?fboardcd=business&fboardnum=9049&sfpage=1&sfpsize=10&sfsearch=ftitle,2026-06-08,2026-06-29,D-21,확인 필요,,확인 필요,확인 필요,,,진행중 [2026년 디지털 헬스케어 시민체감형 시범서비스 운영사업] 2차년도 참여기업 선정평가 결과 안내 D-21 2460 DIP 결과 2026-06-08 ~ 2026-06-29 2026-06-08 21,12,updated
대구디지털혁신진흥원,「2026년 게임 창업 성장 사다리 지원사업 참가자 모집 공고」,https://www.dip.or.kr/home/notice/businessbbs/boardRead.ubs?fboardcd=business&fboardnum=9041&sfpage=1&sfpsize=10&sfsearch=ftitle,2026-05-29,2026-06-30,D-22,확인 필요,,확인 필요,확인 필요,,,진행중 「2026년 게임 창업 성장 사다리 지원사업 참가자 모집 공고」 D-22 2455 DIP 사업 2026-05-29 ~ 2026-06-30 2026-05-29 522,12,updated
창업진흥원,"멘토링ᆞ컨설팅ᆞ교육 D-175 마감일자 2026-11-30 창업지원사업 예비위원단 재모집 (신산업분야) 창업지원사업 예비위원단 재모집 (신산업분야) 창업진흥원 조회 42,332",https://www.k-startup.go.kr/web/contents/bizpbanc-ongoing.do?pbancSn=176391,2026-11-30,2026-11-30,D-175,확인 필요,,확인 필요,확인 필요,,,"멘토링ᆞ컨설팅ᆞ교육 D-175 마감일자 2026-11-30 창업지원사업 예비위원단 재모집 (신산업분야) 창업지원사업 예비위원단 재모집 (신산업분야) 창업진흥원 조회 42,332",12,new
달구벌여성인력개발센터,2026년 중앙부처 및 지자체 창업지원사업 통합공고,https://w-startup.daegu.go.kr/business?sca=%EB%AA%A8%EC%A7%91%EC%A4%91&sort=edate,2026-12-31,2026-12-31,D-206,확인 필요,,확인 필요,확인 필요,사업화,,사업화 D-206 마감일자 2026-12-31 2026년 중앙부처 및 지자체 창업지원사업 통합공고 창업진흥원,12,updated
창업진흥원,2026년 팁스(TIPS) 창업기업 지원계획 수정 공고 2026년 팁스(TIPS) 창업기업 지원계획 수정 공고,https://www.k-startup.go.kr/web/contents/bizpbanc-ongoing.do,2026-12-31,2026-12-31,D-206,확인 필요,,확인 필요,창업기업,사업화,,사업화 D-206 마감일자 2026-12-31 2026년 팁스(TIPS) 창업기업 지원계획 수정 공고 2026년 팁스(TIPS) 창업기업 지원계획 수정 공고 창업진흥원,12,updated
창업진흥원,2026년 중앙부처 및 지자체 창업지원사업 통합공고 2026년 중앙부처 및 지자체 창업지원사업 통합공고,https://www.k-startup.go.kr/web/contents/bizpbanc-ongoing.do,2026-12-31,2026-12-31,D-206,확인 필요,,확인 필요,확인 필요,사업화,,사업화 D-206 마감일자 2026-12-31 2026년 중앙부처 및 지자체 창업지원사업 통합공고 2026년 중앙부처 및 지자체 창업지원사업 통합공고 창업진흥원,12,updated
창업진흥원,중소벤처24 증명서 및 사업신청 통화서비스 제공,https://www.k-startup.go.kr/magicsso/requestAuthEx.jsp?RelayState=https://www.smes.go.kr/main/magicsso/requestConnect.jsp,,,,확인 필요,,확인 필요,확인 필요,,,중소벤처24 증명서 및 사업신청 통화서비스 제공,12,updated
창업진흥원,기술보호울타리 기술보호 정부사업 정보 제공,https://www.k-startup.go.kr/magicsso/requestAuthEx.jsp?RelayState=https://www.ultari.go.kr/magicsso/requestConnect.jsp,,,,확인 필요,,확인 필요,확인 필요,,,기술보호울타리 기술보호 정부사업 정보 제공,12,updated
창업진흥원,기업마당 중소기업 지원정책 정보 제공,https://www.k-startup.go.kr/magicsso/requestAuthEx.jsp?RelayState=https://www.bizinfo.go.kr/magicsso/requestConnect.jsp,,,,확인 필요,,확인 필요,중소기업,,,기업마당 중소기업 지원정책 정보 제공,12,updated
창업진흥원,소상공인마당 창업 및 운영 정보 제공,https://www.k-startup.go.kr/magicsso/requestAuthEx.jsp?RelayState=https://sso.sbiz.or.kr/magicsso/requestConnect.jsp?RelayState=/sso/agentLoginAction.do?reqSite=sbiz,,,,확인 필요,,확인 필요,소상공인,,,소상공인마당 창업 및 운영 정보 제공,12,updated
창업진흥원,스마트공장사업관리시스템 스마트공장 시스템 사업 정보 제공,https://www.k-startup.go.kr/magicsso/requestAuthEx.jsp?RelayState=https://www.smart-factory.kr/magicsso/requestConnect.jsp,,,,확인 필요,,확인 필요,확인 필요,,,스마트공장사업관리시스템 스마트공장 시스템 사업 정보 제공,12,updated
창업진흥원,중소기업 인력지원사업 종합관리시스템 인력 지원사업 정보 제공,https://www.k-startup.go.kr/magicsso/requestAuthEx.jsp?RelayState=https://www.smes.go.kr/sanhakin/magicsso/requestConnect.jsp?RelayState=/sanhakin/connApi/connClient.jsp,,,,확인 필요,,확인 필요,중소기업,,,중소기업 인력지원사업 종합관리시스템 인력 지원사업 정보 제공,12,updated
창업진흥원,중소벤처기업진흥공단 기업 자금 운영지원 정보 제공,https://www.k-startup.go.kr/magicsso/requestAuthEx.jsp?RelayState=https://www.kosmes.or.kr/magicsso/requestConnect.jsp,,,,확인 필요,,확인 필요,확인 필요,,,중소벤처기업진흥공단 기업 자금 운영지원 정보 제공,12,updated
창업진흥원,창업보육센터 네트워크시스템 창업지원 종합정보 제공,https://www.k-startup.go.kr/magicsso/requestAuthEx.jsp?RelayState=https://www.smes.go.kr/binet/magicsso/requestConnect.jsp?RelayState=https://www.smes.go.kr/binet/connApi/connClient.jsp,,,,확인 필요,,확인 필요,확인 필요,,,창업보육센터 네트워크시스템 창업지원 종합정보 제공,12,updated
창업진흥원,창업기업 확인시스템 창업기업 확인시스템,https://www.k-startup.go.kr/magicsso/requestAuthEx.jsp?RelayState=https://cert.k-startup.go.kr/magicsso/requestConnect.jsp?RelayState=/uat/uia/ssoLoginByCi.do,,,,확인 필요,,확인 필요,창업기업,,,창업기업 확인시스템 창업기업 확인시스템,12,updated
창업진흥원,2026년 광주 IP(지식재산)디딤돌 IP창업존 61기(26년 3기)청년특화반 모집 공고 새로운게시글,https://www.k-startup.go.kr/web/contents/bizpbanc-ongoing.do?pbancSn=178003,,,,확인 필요,,확인 필요,확인 필요,,,2026년 광주 IP(지식재산)디딤돌 IP창업존 61기(26년 3기)청년특화반 모집 공고 새로운게시글,12,new
창업진흥원,2026년 창업기업 온라인판로 지원사업(e커머스) 참여기업 모집 공고 새로운게시글,https://www.k-startup.go.kr/web/contents/bizpbanc-ongoing.do?pbancSn=177973,,,,확인 필요,,확인 필요,창업기업,,,2026년 창업기업 온라인판로 지원사업(e커머스) 참여기업 모집 공고 새로운게시글,12,new
창업진흥원,2026 김해형 액셀러레이팅 프로그램 참가기업 모집 새로운게시글,https://www.k-startup.go.kr/web/contents/bizpbanc-ongoing.do?pbancSn=178007,,,,확인 필요,,확인 필요,확인 필요,,,2026 김해형 액셀러레이팅 프로그램 참가기업 모집 새로운게시글,12,new
창업진흥원,2026년 창업기업 온라인판로 지원사업(홈쇼핑 방송지원) 참여기업 모집 공고 새로운게시글,https://www.k-startup.go.kr/web/contents/bizpbanc-ongoing.do?pbancSn=177977,,,,확인 필요,,확인 필요,창업기업,,,2026년 창업기업 온라인판로 지원사업(홈쇼핑 방송지원) 참여기업 모집 공고 새로운게시글,12,new
창업진흥원,2026 여성벤처 글로벌화 지원 프로그램 새로운게시글,https://www.k-startup.go.kr/web/contents/bizpbanc-ongoing.do?pbancSn=177936,,,,확인 필요,,확인 필요,확인 필요,,,2026 여성벤처 글로벌화 지원 프로그램 새로운게시글,12,new
창업진흥원,2027 CES 혁신상 수상지원 사업 모집 안내 새로운게시글,https://www.k-startup.go.kr/web/contents/bizpbanc-ongoing.do?pbancSn=177998,,,,확인 필요,,확인 필요,확인 필요,,,2027 CES 혁신상 수상지원 사업 모집 안내 새로운게시글,12,new
창업진흥원,2026년 군포산업진흥원 창업보육센터 제3차 입주기업 모집 연장공고 새로운게시글,https://www.k-startup.go.kr/web/contents/bizpbanc-ongoing.do?pbancSn=178011,,,,확인 필요,,확인 필요,확인 필요,,,2026년 군포산업진흥원 창업보육센터 제3차 입주기업 모집 연장공고 새로운게시글,12,new
창업진흥원,'2026년 전남 글로벌 스타트업 육성사업(베트남)' 참여기업 모집 새로운게시글,https://www.k-startup.go.kr/web/contents/bizpbanc-ongoing.do?pbancSn=177979,,,,확인 필요,,확인 필요,확인 필요,,,'2026년 전남 글로벌 스타트업 육성사업(베트남)' 참여기업 모집 새로운게시글,12,updated
창업진흥원,2026년 강북창업지원센터 6월 창업 상담 참가자 모집(정부지원사업 사업계획서 작성 그룹 멘토링) 새로운게시글,https://www.k-startup.go.kr/web/contents/bizpbanc-ongoing.do?pbancSn=177981,,,,확인 필요,,확인 필요,확인 필요,,,2026년 강북창업지원센터 6월 창업 상담 참가자 모집(정부지원사업 사업계획서 작성 그룹 멘토링) 새로운게시글,12,updated
창업진흥원,2026년 아세안 전략 시장 진출 사업 참여기업 모집 새로운게시글,https://www.k-startup.go.kr/web/contents/bizpbanc-ongoing.do?pbancSn=177986,,,,확인 필요,,확인 필요,확인 필요,,,2026년 아세안 전략 시장 진출 사업 참여기업 모집 새로운게시글,12,updated
창업진흥원,용산구 창업지원센터 입주기업 신규모집 공고 새로운게시글,https://www.k-startup.go.kr/web/contents/bizpbanc-ongoing.do?pbancSn=177991,,,,확인 필요,,확인 필요,확인 필요,,,용산구 창업지원센터 입주기업 신규모집 공고 새로운게시글,12,updated
창업진흥원,[윌로펌프 재공고] '스타트업 오픈이노베이션 챌린지 2026 In 부산' 참여기업 모집 새로운게시글,https://www.k-startup.go.kr/web/contents/bizpbanc-ongoing.do?pbancSn=177993,,,,확인 필요,,확인 필요,확인 필요,,,[윌로펌프 재공고] '스타트업 오픈이노베이션 챌린지 2026 In 부산' 참여기업 모집 새로운게시글,12,updated
창업진흥원,용산구 청년창업지원센터 입주기업 신규모집 공고 새로운게시글,https://www.k-startup.go.kr/web/contents/bizpbanc-ongoing.do?pbancSn=177994,,,,확인 필요,,확인 필요,확인 필요,,,용산구 청년창업지원센터 입주기업 신규모집 공고 새로운게시글,12,updated
창업진흥원,2026년 지역 가치 창업가 육성 지원사업 새로운게시글,https://www.k-startup.go.kr/web/contents/bizpbanc-ongoing.do?pbancSn=177966,,,,확인 필요,,확인 필요,확인 필요,,,2026년 지역 가치 창업가 육성 지원사업 새로운게시글,12,updated
신용보증기금,스타트업 전담 지원프로그램,https://www.kodit.or.kr/kodit/cm/cntnts/cntntsView.do?mi=2566&cntntsId=11096,,,,확인 필요,,확인 필요,확인 필요,,https://www.kodit.or.kr/kodit/na/ntt/selectNttInfo.do?mi=2638&bbsId=148&nttSn=4809511,스타트업 전담 지원프로그램,12,updated
신용보증기금,갑질피해신고지원센터,https://www.kodit.or.kr/kodit/cm/cntnts/cntntsView.do?mi=2633&cntntsId=11482,,,,확인 필요,,확인 필요,확인 필요,,https://www.kodit.or.kr/kodit/na/ntt/selectNttInfo.do?mi=2638&bbsId=148&nttSn=4809511,갑질피해신고지원센터,12,updated
신용보증기금,인권상담 · 지원센터,https://www.kodit.or.kr/kodit/cm/cntnts/cntntsView.do?mi=2693&cntntsId=11200,,,,확인 필요,,확인 필요,확인 필요,,https://www.kodit.or.kr/kodit/na/ntt/selectNttInfo.do?mi=2638&bbsId=148&nttSn=4809511,인권상담 · 지원센터,12,updated
신용보증기금,나눔을 통한 중소기업사랑,https://www.kodit.or.kr/kodit/cm/cntnts/cntntsView.do?mi=2695&cntntsId=11201,,,,확인 필요,,확인 필요,중소기업,,https://www.kodit.or.kr/kodit/na/ntt/selectNttInfo.do?mi=2638&bbsId=148&nttSn=4809511,나눔을 통한 중소기업사랑 기부/출연 안내 중소기업지원,12,updated
신용보증기금,채용공고 채용공고 바로가기 서비스,https://www.kodit.or.kr/kodit/na/ntt/selectNttList.do?mi=2518&bbsId=407,,,,확인 필요,,확인 필요,확인 필요,,https://www.kodit.or.kr/kodit/na/ntt/selectNttInfo.do?mi=2638&bbsId=148&nttSn=4809511,채용공고 채용공고 바로가기 서비스,12,updated
부산테크노파크,전자접수시스템 지원사업을 신청하세요.,https://eval.btp.or.kr/,,,,확인 필요,,확인 필요,확인 필요,,,전자접수시스템 지원사업을 신청하세요.,12,updated
부산테크노파크,입주신청 입주공고(공실현황)를 확인하고 신청하세요.,https://www.btp.or.kr/kor/CMS/Board/Board.do?mCode=MN159,,,,확인 필요,,확인 필요,확인 필요,,,입주신청 입주공고(공실현황)를 확인하고 신청하세요.,12,updated
부산테크노파크,신발산업인력양성사업,http://hrd.shoenet.org,,,,확인 필요,,확인 필요,확인 필요,,,신발산업인력양성사업,12,updated
경북테크노파크,TP소식 GBTP의 최근소식을 알려드립니다. 바로가기,https://www.gbtp.or.kr/user/board.do?bbsId=BBSMSTR_000000000044,,,,확인 필요,,확인 필요,확인 필요,,,홈페이지 GBTP 메인화면으로 이동합니다. 바로가기 TP소식 GBTP의 최근소식을 알려드립니다. 바로가기 사업안내 사업공고를 한눈에 볼 수 있습니다. 바로가기 채용안내 지역발전을 선도할 인재를 모집합니다. 바로가기,12,updated
경북테크노파크,사업안내 사업공고를 한눈에 볼 수 있습니다. 바로가기,https://www.gbtp.or.kr/user/board.do?bbsId=BBSMSTR_000000000021,,,,확인 필요,,확인 필요,확인 필요,,,홈페이지 GBTP 메인화면으로 이동합니다. 바로가기 TP소식 GBTP의 최근소식을 알려드립니다. 바로가기 사업안내 사업공고를 한눈에 볼 수 있습니다. 바로가기 채용안내 지역발전을 선도할 인재를 모집합니다. 바로가기,12,updated
경북테크노파크,채용안내 지역발전을 선도할 인재를 모집합니다. 바로가기,https://www.gbtp.or.kr/user/board.do?bbsId=BBSMSTR_000000000042,,,,확인 필요,,확인 필요,확인 필요,,,홈페이지 GBTP 메인화면으로 이동합니다. 바로가기 TP소식 GBTP의 최근소식을 알려드립니다. 바로가기 사업안내 사업공고를 한눈에 볼 수 있습니다. 바로가기 채용안내 지역발전을 선도할 인재를 모집합니다. 바로가기,12,updated
경북 구미시청,타기관 소식/공고 더보기,https://www.gumi.go.kr/portal/board/post/list.do?bcIdx=207&mid=0401120000,,,,확인 필요,,확인 필요,확인 필요,,https://www.gumi.go.kr/portal/contents.do?mid=0705000000,타기관 소식/공고 타기관 소식/공고 더보기,12,updated
경북 구미시청,정책기획과 소관 공통용역비 사업,https://www.gumi.go.kr/portal/contents.do?mid=0310010000,,,,확인 필요,,확인 필요,확인 필요,,https://www.gumi.go.kr/portal/contents.do?mid=0705000000,정책기획과 소관 공통용역비 사업,12,updated
경북 구미시청,부서예산 용역비 사업,https://www.gumi.go.kr/portal/contents.do?mid=0310020000,,,,확인 필요,,확인 필요,확인 필요,,https://www.gumi.go.kr/portal/contents.do?mid=0705000000,부서예산 용역비 사업,12,updated
경북 구미시청,사업 및 예산정보,https://www.gumi.go.kr/portal/contents.do?mid=0303150400,,,,확인 필요,,확인 필요,확인 필요,,https://www.gumi.go.kr/portal/contents.do?mid=0705000000,사업 및 예산정보,12,updated
경북 구미시청,고시ᆞ공고ᆞ입법,https://www.gumi.go.kr/portal/contents.do?mid=0401040000,,,,확인 필요,,확인 필요,확인 필요,,https://www.gumi.go.kr/portal/contents.do?mid=0705000000,고시ᆞ공고ᆞ입법,12,updated
경북 구미시청,타기관 소식ᆞ공고,https://www.gumi.go.kr/portal/contents.do?mid=0401120000,,,,확인 필요,,확인 필요,확인 필요,,https://www.gumi.go.kr/portal/contents.do?mid=0705000000,타기관 소식ᆞ공고,12,updated
경북 구미시청,인문도시 조성사업,https://www.gumi.go.kr/portal/contents.do?mid=0508020000,,,,확인 필요,,확인 필요,확인 필요,,https://www.gumi.go.kr/portal/contents.do?mid=0705000000,인문도시 조성사업,12,updated
경남 사천시청,우주항공수도 사천,https://www.sacheon.go.kr/01047.web,,,,확인 필요,,확인 필요,확인 필요,,"https://www.sacheon.go.kr/sn3hcv_data.jsp?name=smart/00174_d1.xlsx, https://www.sacheon.go.kr/portal/data/hwp/minwon/06_09_2022.hwp, https://www.sacheon.go.kr/portal/data/hwp/life/life_00633_2025.hwp, https://www.sacheon.go.kr/sn3hcv_data.jsp?name=smart/20260310.pdf",우주항공수도 사천 우주항공의 시작 우주항공의 시작 사천의 항공인프라 항공사업 소개 우주항공산업 현황 사천의 우주항공산업 현황 한국항공우주산업(주) 현황 사천항공산업클러스터 사천항공63년사 사천에어쇼,12,updated
경남 사천시청,우주항공의 시작,https://www.sacheon.go.kr/01048.web,,,,확인 필요,,확인 필요,확인 필요,,"https://www.sacheon.go.kr/sn3hcv_data.jsp?name=smart/00174_d1.xlsx, https://www.sacheon.go.kr/portal/data/hwp/minwon/06_09_2022.hwp, https://www.sacheon.go.kr/portal/data/hwp/life/life_00633_2025.hwp, https://www.sacheon.go.kr/sn3hcv_data.jsp?name=smart/20260310.pdf",우주항공의 시작 우주항공의 시작 사천의 항공인프라 항공사업 소개,12,updated
경남 사천시청,명시이월 사업현황,https://www.sacheon.go.kr/skin/doc.html?fn=a643b2d83de060bdb32a98030483738fa17d85113dcdfbc44f1dab1274e07dae&rs=/sn3hcv_convert/202601/,,,,확인 필요,,확인 필요,확인 필요,,"https://www.sacheon.go.kr/sn3hcv_data.jsp?name=smart/00174_d1.xlsx, https://www.sacheon.go.kr/portal/data/hwp/minwon/06_09_2022.hwp, https://www.sacheon.go.kr/portal/data/hwp/life/life_00633_2025.hwp, https://www.sacheon.go.kr/sn3hcv_data.jsp?name=smart/20260310.pdf",명시이월 사업현황,12,updated
경남 사천시청,사고이월 사업현황,https://www.sacheon.go.kr/skin/doc.html?fn=f79cc9333923c69b3781ef400af7598fcf878b09d5ee818c65ae01bbdbe38ebd&rs=/sn3hcv_convert/202601/,,,,확인 필요,,확인 필요,확인 필요,,"https://www.sacheon.go.kr/sn3hcv_data.jsp?name=smart/00174_d1.xlsx, https://www.sacheon.go.kr/portal/data/hwp/minwon/06_09_2022.hwp, https://www.sacheon.go.kr/portal/data/hwp/life/life_00633_2025.hwp, https://www.sacheon.go.kr/sn3hcv_data.jsp?name=smart/20260310.pdf",사고이월 사업현황,12,updated
경남 사천시청,민간보조사업 성과평가,https://www.sacheon.go.kr/sn3hcv_data.jsp?name=smart/00174_d1.xlsx,,,,확인 필요,,확인 필요,확인 필요,,"https://www.sacheon.go.kr/sn3hcv_data.jsp?name=smart/00174_d1.xlsx, https://www.sacheon.go.kr/portal/data/hwp/minwon/06_09_2022.hwp, https://www.sacheon.go.kr/portal/data/hwp/life/life_00633_2025.hwp, https://www.sacheon.go.kr/sn3hcv_data.jsp?name=smart/20260310.pdf",민간보조사업 성과평가,12,updated
경남 사천시청,민간투자사업 실시협약,https://www.sacheon.go.kr/minwon/00086/04033.web,,,,확인 필요,,확인 필요,확인 필요,,"https://www.sacheon.go.kr/sn3hcv_data.jsp?name=smart/00174_d1.xlsx, https://www.sacheon.go.kr/portal/data/hwp/minwon/06_09_2022.hwp, https://www.sacheon.go.kr/portal/data/hwp/life/life_00633_2025.hwp, https://www.sacheon.go.kr/sn3hcv_data.jsp?name=smart/20260310.pdf",민간투자사업 실시협약,12,updated
경남 사천시청,사업체 조사 통계,https://www.sacheon.go.kr/minwon/00086/04642.web,,,,확인 필요,,확인 필요,확인 필요,,"https://www.sacheon.go.kr/sn3hcv_data.jsp?name=smart/00174_d1.xlsx, https://www.sacheon.go.kr/portal/data/hwp/minwon/06_09_2022.hwp, https://www.sacheon.go.kr/portal/data/hwp/life/life_00633_2025.hwp, https://www.sacheon.go.kr/sn3hcv_data.jsp?name=smart/20260310.pdf",사업체 조사 통계,12,updated
경남 사천시청,세입세출예산 운용정보공개,https://www.sacheon.go.kr/minwon/00086/04152.web,,,,확인 필요,,확인 필요,확인 필요,,"https://www.sacheon.go.kr/sn3hcv_data.jsp?name=smart/00174_d1.xlsx, https://www.sacheon.go.kr/portal/data/hwp/minwon/06_09_2022.hwp, https://www.sacheon.go.kr/portal/data/hwp/life/life_00633_2025.hwp, https://www.sacheon.go.kr/sn3hcv_data.jsp?name=smart/20260310.pdf",세입세출예산 운용정보공개 자금운용현황 세입현황 세입세출현황보고서 세부사업별 예산현액 및 지출액 일별지출현황,12,updated
경남 사천시청,세부사업별 예산현액 및 지출액,https://www.sacheon.go.kr/minwon/00086/04156.web,,,,확인 필요,,확인 필요,확인 필요,,"https://www.sacheon.go.kr/sn3hcv_data.jsp?name=smart/00174_d1.xlsx, https://www.sacheon.go.kr/portal/data/hwp/minwon/06_09_2022.hwp, https://www.sacheon.go.kr/portal/data/hwp/life/life_00633_2025.hwp, https://www.sacheon.go.kr/sn3hcv_data.jsp?name=smart/20260310.pdf",세부사업별 예산현액 및 지출액,12,updated
경남 사천시청,고향사랑 기금사업,https://www.sacheon.go.kr/minwon/04424/05087.web,,,,확인 필요,,확인 필요,확인 필요,,"https://www.sacheon.go.kr/sn3hcv_data.jsp?name=smart/00174_d1.xlsx, https://www.sacheon.go.kr/portal/data/hwp/minwon/06_09_2022.hwp, https://www.sacheon.go.kr/portal/data/hwp/life/life_00633_2025.hwp, https://www.sacheon.go.kr/sn3hcv_data.jsp?name=smart/20260310.pdf",고향사랑 기금사업,12,updated
경남 사천시청,주민참여예산 제안사업 신청,https://www.sacheon.go.kr/minwon/00229/04129.web,,,,확인 필요,,확인 필요,확인 필요,,"https://www.sacheon.go.kr/sn3hcv_data.jsp?name=smart/00174_d1.xlsx, https://www.sacheon.go.kr/portal/data/hwp/minwon/06_09_2022.hwp, https://www.sacheon.go.kr/portal/data/hwp/life/life_00633_2025.hwp, https://www.sacheon.go.kr/sn3hcv_data.jsp?name=smart/20260310.pdf",주민참여예산 제안사업 신청,12,updated
경남 사천시청,주택건설사업추진현황,https://www.sacheon.go.kr/minwon/02900/02909.web,,,,확인 필요,,확인 필요,확인 필요,,"https://www.sacheon.go.kr/sn3hcv_data.jsp?name=smart/00174_d1.xlsx, https://www.sacheon.go.kr/portal/data/hwp/minwon/06_09_2022.hwp, https://www.sacheon.go.kr/portal/data/hwp/life/life_00633_2025.hwp, https://www.sacheon.go.kr/sn3hcv_data.jsp?name=smart/20260310.pdf",주택건설사업추진현황,12,updated
경남 사천시청,노인취업지원센터,https://www.sacheon.go.kr/economy/00279/01663.web,,,,확인 필요,,확인 필요,확인 필요,,"https://www.sacheon.go.kr/sn3hcv_data.jsp?name=smart/00174_d1.xlsx, https://www.sacheon.go.kr/portal/data/hwp/minwon/06_09_2022.hwp, https://www.sacheon.go.kr/portal/data/hwp/life/life_00633_2025.hwp, https://www.sacheon.go.kr/sn3hcv_data.jsp?name=smart/20260310.pdf",노인취업지원센터,12,updated
경남 사천시청,국민기초생활보장제도,https://www.sacheon.go.kr/00334.web,,,,확인 필요,,확인 필요,확인 필요,,"https://www.sacheon.go.kr/sn3hcv_data.jsp?name=smart/00174_d1.xlsx, https://www.sacheon.go.kr/portal/data/hwp/minwon/06_09_2022.hwp, https://www.sacheon.go.kr/portal/data/hwp/life/life_00633_2025.hwp, https://www.sacheon.go.kr/sn3hcv_data.jsp?name=smart/20260310.pdf",국민기초생활보장제도 국민기초생활보장제도 안내 기초생활보장 수급자 지원 자활근로사업 지원 의료급여 의료비 지원안내,12,updated
경남 사천시청,기초생활보장 수급자 지원,https://www.sacheon.go.kr/life/00321/00335.web,,,,확인 필요,,확인 필요,확인 필요,,"https://www.sacheon.go.kr/sn3hcv_data.jsp?name=smart/00174_d1.xlsx, https://www.sacheon.go.kr/portal/data/hwp/minwon/06_09_2022.hwp, https://www.sacheon.go.kr/portal/data/hwp/life/life_00633_2025.hwp, https://www.sacheon.go.kr/sn3hcv_data.jsp?name=smart/20260310.pdf",기초생활보장 수급자 지원,12,updated
경남 사천시청,자활근로사업 지원,https://www.sacheon.go.kr/life/00321/00337.web,,,,확인 필요,,확인 필요,확인 필요,,"https://www.sacheon.go.kr/sn3hcv_data.jsp?name=smart/00174_d1.xlsx, https://www.sacheon.go.kr/portal/data/hwp/minwon/06_09_2022.hwp, https://www.sacheon.go.kr/portal/data/hwp/life/life_00633_2025.hwp, https://www.sacheon.go.kr/sn3hcv_data.jsp?name=smart/20260310.pdf",자활근로사업 지원,12,updated
경남 사천시청,의료급여 의료비 지원안내,https://www.sacheon.go.kr/life/00321/00338.web,,,,확인 필요,,확인 필요,확인 필요,,"https://www.sacheon.go.kr/sn3hcv_data.jsp?name=smart/00174_d1.xlsx, https://www.sacheon.go.kr/portal/data/hwp/minwon/06_09_2022.hwp, https://www.sacheon.go.kr/portal/data/hwp/life/life_00633_2025.hwp, https://www.sacheon.go.kr/sn3hcv_data.jsp?name=smart/20260310.pdf",의료급여 의료비 지원안내,12,updated
경남 사천시청,아이돌봄지원사업,https://www.sacheon.go.kr/life/00321/00345.web,,,,확인 필요,,확인 필요,확인 필요,,"https://www.sacheon.go.kr/sn3hcv_data.jsp?name=smart/00174_d1.xlsx, https://www.sacheon.go.kr/portal/data/hwp/minwon/06_09_2022.hwp, https://www.sacheon.go.kr/portal/data/hwp/life/life_00633_2025.hwp, https://www.sacheon.go.kr/sn3hcv_data.jsp?name=smart/20260310.pdf",아이돌봄지원사업,12,updated
경남 사천시청,다문화가족지원사업,https://www.sacheon.go.kr/life/00321/05176.web,,,,확인 필요,,확인 필요,확인 필요,,"https://www.sacheon.go.kr/sn3hcv_data.jsp?name=smart/00174_d1.xlsx, https://www.sacheon.go.kr/portal/data/hwp/minwon/06_09_2022.hwp, https://www.sacheon.go.kr/portal/data/hwp/life/life_00633_2025.hwp, https://www.sacheon.go.kr/sn3hcv_data.jsp?name=smart/20260310.pdf",다문화가족지원사업,12,updated
경남 사천시청,아동청소년·영유아복지,https://www.sacheon.go.kr/00416.web,,,,확인 필요,,확인 필요,확인 필요,,"https://www.sacheon.go.kr/sn3hcv_data.jsp?name=smart/00174_d1.xlsx, https://www.sacheon.go.kr/portal/data/hwp/minwon/06_09_2022.hwp, https://www.sacheon.go.kr/portal/data/hwp/life/life_00633_2025.hwp, https://www.sacheon.go.kr/sn3hcv_data.jsp?name=smart/20260310.pdf",아동청소년·영유아복지 보육료 양육수당 안내 어린이집 현황 아동복지 아동수당안내 저소득 한부모가족 지원 청소년부모 아동양육지원 청소년정책 청소년증 발급 청소년 유해환경 개선 청소년 여가/학습공간 청소년문화행사 청소년긴급전화,12,updated
경남 사천시청,저소득 한부모가족 지원,https://www.sacheon.go.kr/00340.web,,,,확인 필요,,확인 필요,확인 필요,,"https://www.sacheon.go.kr/sn3hcv_data.jsp?name=smart/00174_d1.xlsx, https://www.sacheon.go.kr/portal/data/hwp/minwon/06_09_2022.hwp, https://www.sacheon.go.kr/portal/data/hwp/life/life_00633_2025.hwp, https://www.sacheon.go.kr/sn3hcv_data.jsp?name=smart/20260310.pdf",저소득 한부모가족 지원,12,updated
경남 사천시청,청소년부모 아동양육지원,https://www.sacheon.go.kr/life/00321/04470.web,,,,확인 필요,,확인 필요,확인 필요,,"https://www.sacheon.go.kr/sn3hcv_data.jsp?name=smart/00174_d1.xlsx, https://www.sacheon.go.kr/portal/data/hwp/minwon/06_09_2022.hwp, https://www.sacheon.go.kr/portal/data/hwp/life/life_00633_2025.hwp, https://www.sacheon.go.kr/sn3hcv_data.jsp?name=smart/20260310.pdf",청소년부모 아동양육지원,12,updated
경남 사천시청,자원봉사자모집안내,https://www.sacheon.go.kr/life/00321/00435.web,,,,확인 필요,,확인 필요,확인 필요,,"https://www.sacheon.go.kr/sn3hcv_data.jsp?name=smart/00174_d1.xlsx, https://www.sacheon.go.kr/portal/data/hwp/minwon/06_09_2022.hwp, https://www.sacheon.go.kr/portal/data/hwp/life/life_00633_2025.hwp, https://www.sacheon.go.kr/sn3hcv_data.jsp?name=smart/20260310.pdf",자원봉사자모집안내,12,updated
경남 사천시청,이전공공기관 이주직원 지원,https://www.sacheon.go.kr/life/04782.web,,,,확인 필요,,확인 필요,확인 필요,,"https://www.sacheon.go.kr/sn3hcv_data.jsp?name=smart/00174_d1.xlsx, https://www.sacheon.go.kr/portal/data/hwp/minwon/06_09_2022.hwp, https://www.sacheon.go.kr/portal/data/hwp/life/life_00633_2025.hwp, https://www.sacheon.go.kr/sn3hcv_data.jsp?name=smart/20260310.pdf",이전공공기관 이주직원 지원 지원시책 목록 사천사랑카드 문화·여가 시설 체육시설 민간 협력시설,12,updated
경남 사천시청,청년정책(사천청년),https://www.sacheon.go.kr/life/04180.web,,,,확인 필요,,확인 필요,확인 필요,,"https://www.sacheon.go.kr/sn3hcv_data.jsp?name=smart/00174_d1.xlsx, https://www.sacheon.go.kr/portal/data/hwp/minwon/06_09_2022.hwp, https://www.sacheon.go.kr/portal/data/hwp/life/life_00633_2025.hwp, https://www.sacheon.go.kr/sn3hcv_data.jsp?name=smart/20260310.pdf",청년정책(사천청년) 청년지원정책 청년주택 거주자 공간 청년지원사업안내 알아두면 유용한 사이트 의견게시판 청년센터 대관시설 예약 예약확인 및 취소 교육 프로그램,12,updated
경남 사천시청,청년지원사업안내,https://www.sacheon.go.kr/life/04180/04406.web,,,,확인 필요,,확인 필요,확인 필요,,"https://www.sacheon.go.kr/sn3hcv_data.jsp?name=smart/00174_d1.xlsx, https://www.sacheon.go.kr/portal/data/hwp/minwon/06_09_2022.hwp, https://www.sacheon.go.kr/portal/data/hwp/life/life_00633_2025.hwp, https://www.sacheon.go.kr/sn3hcv_data.jsp?name=smart/20260310.pdf",청년지원사업안내,12,updated
경남 사천시청,사천시종합사회복지관,https://www.sacheon.go.kr/03981.web,,,,확인 필요,,확인 필요,확인 필요,,"https://www.sacheon.go.kr/sn3hcv_data.jsp?name=smart/00174_d1.xlsx, https://www.sacheon.go.kr/portal/data/hwp/minwon/06_09_2022.hwp, https://www.sacheon.go.kr/portal/data/hwp/life/life_00633_2025.hwp, https://www.sacheon.go.kr/sn3hcv_data.jsp?name=smart/20260310.pdf",사천시종합사회복지관 복지관 소개 복지관 소개 직원업무 안내 오시는 길 복지관 사업안내 서비스 제공(교육 프로그램) 사례관리 지역조직화 수강신청 커뮤니티 공지사항,12,updated
경남 사천시청,복지관 사업안내,https://www.sacheon.go.kr/03985.web,,,,확인 필요,,확인 필요,확인 필요,,"https://www.sacheon.go.kr/sn3hcv_data.jsp?name=smart/00174_d1.xlsx, https://www.sacheon.go.kr/portal/data/hwp/minwon/06_09_2022.hwp, https://www.sacheon.go.kr/portal/data/hwp/life/life_00633_2025.hwp, https://www.sacheon.go.kr/sn3hcv_data.jsp?name=smart/20260310.pdf",복지관 사업안내 서비스 제공(교육 프로그램) 사례관리 지역조직화,12,updated
경남 사천시청,한의약건강증진사업,https://www.sacheon.go.kr/life/00327/00581.web,,,,확인 필요,,확인 필요,확인 필요,,"https://www.sacheon.go.kr/sn3hcv_data.jsp?name=smart/00174_d1.xlsx, https://www.sacheon.go.kr/portal/data/hwp/minwon/06_09_2022.hwp, https://www.sacheon.go.kr/portal/data/hwp/life/life_00633_2025.hwp, https://www.sacheon.go.kr/sn3hcv_data.jsp?name=smart/20260310.pdf",한의약건강증진사업,12,updated
경남 사천시청,저소득층 노인 시력찾아드리기 사업,https://www.sacheon.go.kr/life/00327/02852.web,,,,확인 필요,,확인 필요,확인 필요,,"https://www.sacheon.go.kr/sn3hcv_data.jsp?name=smart/00174_d1.xlsx, https://www.sacheon.go.kr/portal/data/hwp/minwon/06_09_2022.hwp, https://www.sacheon.go.kr/portal/data/hwp/life/life_00633_2025.hwp, https://www.sacheon.go.kr/sn3hcv_data.jsp?name=smart/20260310.pdf",저소득층 노인 시력찾아드리기 사업,12,updated
경남 사천시청,삼천포건강생활지원센터,https://www.sacheon.go.kr/life/00327/00593.web,,,,확인 필요,,확인 필요,확인 필요,,"https://www.sacheon.go.kr/sn3hcv_data.jsp?name=smart/00174_d1.xlsx, https://www.sacheon.go.kr/portal/data/hwp/minwon/06_09_2022.hwp, https://www.sacheon.go.kr/portal/data/hwp/life/life_00633_2025.hwp, https://www.sacheon.go.kr/sn3hcv_data.jsp?name=smart/20260310.pdf",삼천포건강생활지원센터,12,updated
경남 사천시청,어르신 인공관절 수술비등 지원사업,https://www.sacheon.go.kr/life/00327/03933.web,,,,확인 필요,,확인 필요,확인 필요,,"https://www.sacheon.go.kr/sn3hcv_data.jsp?name=smart/00174_d1.xlsx, https://www.sacheon.go.kr/portal/data/hwp/minwon/06_09_2022.hwp, https://www.sacheon.go.kr/portal/data/hwp/life/life_00633_2025.hwp, https://www.sacheon.go.kr/sn3hcv_data.jsp?name=smart/20260310.pdf",어르신 인공관절 수술비등 지원사업,12,updated
경남 사천시청,사전연명의료의향서 등록사업,https://www.sacheon.go.kr/life/00327/03971.web,,,,확인 필요,,확인 필요,확인 필요,,"https://www.sacheon.go.kr/sn3hcv_data.jsp?name=smart/00174_d1.xlsx, https://www.sacheon.go.kr/portal/data/hwp/minwon/06_09_2022.hwp, https://www.sacheon.go.kr/portal/data/hwp/life/life_00633_2025.hwp, https://www.sacheon.go.kr/sn3hcv_data.jsp?name=smart/20260310.pdf",사전연명의료의향서 등록사업,12,updated
경남 사천시청,치매조기검진 및 검사비 지원,https://www.sacheon.go.kr/life/00327/05246.web,,,,확인 필요,,확인 필요,확인 필요,,"https://www.sacheon.go.kr/sn3hcv_data.jsp?name=smart/00174_d1.xlsx, https://www.sacheon.go.kr/portal/data/hwp/minwon/06_09_2022.hwp, https://www.sacheon.go.kr/portal/data/hwp/life/life_00633_2025.hwp, https://www.sacheon.go.kr/sn3hcv_data.jsp?name=smart/20260310.pdf",치매조기검진 및 검사비 지원,12,updated
경남 사천시청,치매예방교육 및 인식개선사업,https://www.sacheon.go.kr/life/00327/05247.web,,,,확인 필요,,확인 필요,확인 필요,,"https://www.sacheon.go.kr/sn3hcv_data.jsp?name=smart/00174_d1.xlsx, https://www.sacheon.go.kr/portal/data/hwp/minwon/06_09_2022.hwp, https://www.sacheon.go.kr/portal/data/hwp/life/life_00633_2025.hwp, https://www.sacheon.go.kr/sn3hcv_data.jsp?name=smart/20260310.pdf",치매예방교육 및 인식개선사업,12,updated
경남 사천시청,치매치료관리비 지원 및 치매환자 서비스,https://www.sacheon.go.kr/life/00327/05248.web,,,,확인 필요,,확인 필요,확인 필요,,"https://www.sacheon.go.kr/sn3hcv_data.jsp?name=smart/00174_d1.xlsx, https://www.sacheon.go.kr/portal/data/hwp/minwon/06_09_2022.hwp, https://www.sacheon.go.kr/portal/data/hwp/life/life_00633_2025.hwp, https://www.sacheon.go.kr/sn3hcv_data.jsp?name=smart/20260310.pdf",치매치료관리비 지원 및 치매환자 서비스,12,updated
경남 사천시청,치매환자 가족 지원사업,https://www.sacheon.go.kr/life/00327/05249.web,,,,확인 필요,,확인 필요,확인 필요,,"https://www.sacheon.go.kr/sn3hcv_data.jsp?name=smart/00174_d1.xlsx, https://www.sacheon.go.kr/portal/data/hwp/minwon/06_09_2022.hwp, https://www.sacheon.go.kr/portal/data/hwp/life/life_00633_2025.hwp, https://www.sacheon.go.kr/sn3hcv_data.jsp?name=smart/20260310.pdf",치매환자 가족 지원사업,12,updated
경남 사천시청,노인 실종예방 및 치매 공공후견사업,https://www.sacheon.go.kr/life/00327/05250.web,,,,확인 필요,,확인 필요,확인 필요,,"https://www.sacheon.go.kr/sn3hcv_data.jsp?name=smart/00174_d1.xlsx, https://www.sacheon.go.kr/portal/data/hwp/minwon/06_09_2022.hwp, https://www.sacheon.go.kr/portal/data/hwp/life/life_00633_2025.hwp, https://www.sacheon.go.kr/sn3hcv_data.jsp?name=smart/20260310.pdf",노인 실종예방 및 치매 공공후견사업,12,updated
경남 사천시청,정신건강복지센터,https://www.sacheon.go.kr/life/00327/05251.web,,,,확인 필요,,확인 필요,확인 필요,바우처,"https://www.sacheon.go.kr/sn3hcv_data.jsp?name=smart/00174_d1.xlsx, https://www.sacheon.go.kr/portal/data/hwp/minwon/06_09_2022.hwp, https://www.sacheon.go.kr/portal/data/hwp/life/life_00633_2025.hwp, https://www.sacheon.go.kr/sn3hcv_data.jsp?name=smart/20260310.pdf",정신건강복지센터 정신건강복지센터 안내 정신건강 심리상담 바우처사업 중증정신질환자 관리사업 정신건강증진사업 아동청소년 정신보건사업 생명존중 및 자살예방사업 정신질환자 의료비 지원,12,updated
경남 사천시청,중증정신질환자 관리사업,https://www.sacheon.go.kr/life/00327/05254.web,,,,확인 필요,,확인 필요,확인 필요,,"https://www.sacheon.go.kr/sn3hcv_data.jsp?name=smart/00174_d1.xlsx, https://www.sacheon.go.kr/portal/data/hwp/minwon/06_09_2022.hwp, https://www.sacheon.go.kr/portal/data/hwp/life/life_00633_2025.hwp, https://www.sacheon.go.kr/sn3hcv_data.jsp?name=smart/20260310.pdf",중증정신질환자 관리사업,12,updated
경남 사천시청,정신건강증진사업,https://www.sacheon.go.kr/life/00327/05255.web,,,,확인 필요,,확인 필요,확인 필요,,"https://www.sacheon.go.kr/sn3hcv_data.jsp?name=smart/00174_d1.xlsx, https://www.sacheon.go.kr/portal/data/hwp/minwon/06_09_2022.hwp, https://www.sacheon.go.kr/portal/data/hwp/life/life_00633_2025.hwp, https://www.sacheon.go.kr/sn3hcv_data.jsp?name=smart/20260310.pdf",정신건강증진사업,12,updated
경남 사천시청,아동청소년 정신보건사업,https://www.sacheon.go.kr/life/00327/05256.web,,,,확인 필요,,확인 필요,확인 필요,,"https://www.sacheon.go.kr/sn3hcv_data.jsp?name=smart/00174_d1.xlsx, https://www.sacheon.go.kr/portal/data/hwp/minwon/06_09_2022.hwp, https://www.sacheon.go.kr/portal/data/hwp/life/life_00633_2025.hwp, https://www.sacheon.go.kr/sn3hcv_data.jsp?name=smart/20260310.pdf",아동청소년 정신보건사업,12,updated
경남 사천시청,생명존중 및 자살예방사업,https://www.sacheon.go.kr/life/00327/05257.web,,,,확인 필요,,확인 필요,확인 필요,,"https://www.sacheon.go.kr/sn3hcv_data.jsp?name=smart/00174_d1.xlsx, https://www.sacheon.go.kr/portal/data/hwp/minwon/06_09_2022.hwp, https://www.sacheon.go.kr/portal/data/hwp/life/life_00633_2025.hwp, https://www.sacheon.go.kr/sn3hcv_data.jsp?name=smart/20260310.pdf",생명존중 및 자살예방사업,12,updated
경남 사천시청,정신질환자 의료비 지원,https://www.sacheon.go.kr/life/00327/05258.web,,,,확인 필요,,확인 필요,확인 필요,,"https://www.sacheon.go.kr/sn3hcv_data.jsp?name=smart/00174_d1.xlsx, https://www.sacheon.go.kr/portal/data/hwp/minwon/06_09_2022.hwp, https://www.sacheon.go.kr/portal/data/hwp/life/life_00633_2025.hwp, https://www.sacheon.go.kr/sn3hcv_data.jsp?name=smart/20260310.pdf",정신질환자 의료비 지원,12,updated
경남 사천시청,농기계임대사업장,https://sacheon.amlend.kr/,,,,확인 필요,,확인 필요,확인 필요,,"https://www.sacheon.go.kr/sn3hcv_data.jsp?name=smart/00174_d1.xlsx, https://www.sacheon.go.kr/portal/data/hwp/minwon/06_09_2022.hwp, https://www.sacheon.go.kr/portal/data/hwp/life/life_00633_2025.hwp, https://www.sacheon.go.kr/sn3hcv_data.jsp?name=smart/20260310.pdf",농기계임대사업장,12,updated
경남 사천시청,사천시유기동물보호소,https://www.sacheon.go.kr/agriculture/04861.web,,,,확인 필요,,확인 필요,확인 필요,,"https://www.sacheon.go.kr/sn3hcv_data.jsp?name=smart/00174_d1.xlsx, https://www.sacheon.go.kr/portal/data/hwp/minwon/06_09_2022.hwp, https://www.sacheon.go.kr/portal/data/hwp/life/life_00633_2025.hwp, https://www.sacheon.go.kr/sn3hcv_data.jsp?name=smart/20260310.pdf",사천시유기동물보호소 동물보호 펫티켓 동물등록 지원분야 유실유기동물 유기동물보호소 소개 반환대상 유기동물 입양대상 유기동물 유기동물입양안내,12,updated
경남 사천시청,귀농 농업창업 및 주택구입 지원사업,https://www.sacheon.go.kr/agriculture/04092/04094.web,,,,확인 필요,,확인 필요,확인 필요,,"https://www.sacheon.go.kr/sn3hcv_data.jsp?name=smart/00174_d1.xlsx, https://www.sacheon.go.kr/portal/data/hwp/minwon/06_09_2022.hwp, https://www.sacheon.go.kr/portal/data/hwp/life/life_00633_2025.hwp, https://www.sacheon.go.kr/sn3hcv_data.jsp?name=smart/20260310.pdf",귀농 농업창업 및 주택구입 지원사업,12,updated
경남 사천시청,귀농인 안정 정착지원 사업,https://www.sacheon.go.kr/agriculture/04092/04095.web,,,,확인 필요,,확인 필요,확인 필요,,"https://www.sacheon.go.kr/sn3hcv_data.jsp?name=smart/00174_d1.xlsx, https://www.sacheon.go.kr/portal/data/hwp/minwon/06_09_2022.hwp, https://www.sacheon.go.kr/portal/data/hwp/life/life_00633_2025.hwp, https://www.sacheon.go.kr/sn3hcv_data.jsp?name=smart/20260310.pdf",귀농인 안정 정착지원 사업,12,updated
경남 사천시청,청년농업인 영농정착 지원사업,https://www.sacheon.go.kr/agriculture/04092/04097.web,,,,확인 필요,,확인 필요,확인 필요,,"https://www.sacheon.go.kr/sn3hcv_data.jsp?name=smart/00174_d1.xlsx, https://www.sacheon.go.kr/portal/data/hwp/minwon/06_09_2022.hwp, https://www.sacheon.go.kr/portal/data/hwp/life/life_00633_2025.hwp, https://www.sacheon.go.kr/sn3hcv_data.jsp?name=smart/20260310.pdf",청년농업인 영농정착 지원사업,12,updated
경남 사천시청,공약사업 추진현황,https://www.sacheon.go.kr/intro/mayor/04675.web,,,,확인 필요,,확인 필요,확인 필요,,"https://www.sacheon.go.kr/sn3hcv_data.jsp?name=smart/00174_d1.xlsx, https://www.sacheon.go.kr/portal/data/hwp/minwon/06_09_2022.hwp, https://www.sacheon.go.kr/portal/data/hwp/life/life_00633_2025.hwp, https://www.sacheon.go.kr/sn3hcv_data.jsp?name=smart/20260310.pdf",공약사업 추진현황,12,updated
경남 사천시청,부서전화 / 팩스번호 안내,https://www.sacheon.go.kr/04922.web,,,,확인 필요,,확인 필요,확인 필요,,"https://www.sacheon.go.kr/sn3hcv_data.jsp?name=smart/00174_d1.xlsx, https://www.sacheon.go.kr/portal/data/hwp/minwon/06_09_2022.hwp, https://www.sacheon.go.kr/portal/data/hwp/life/life_00633_2025.hwp, https://www.sacheon.go.kr/sn3hcv_data.jsp?name=smart/20260310.pdf",부서전화 / 팩스번호 안내 본청 직속기관 사업소 읍면동,12,updated
경남 사천시청,공고/고시/시험 더보기,https://www.sacheon.go.kr/news/00009/00014.web,,,,확인 필요,,확인 필요,확인 필요,,"https://www.sacheon.go.kr/sn3hcv_data.jsp?name=smart/00174_d1.xlsx, https://www.sacheon.go.kr/portal/data/hwp/minwon/06_09_2022.hwp, https://www.sacheon.go.kr/portal/data/hwp/life/life_00633_2025.hwp, https://www.sacheon.go.kr/sn3hcv_data.jsp?name=smart/20260310.pdf",이전보기 다음보기 멈춤 재생 공고/고시/시험 더보기,12,updated
경남 사천시청,28일 2026.05 국민건강보험공단 사천지사 건강보험 미가입 사업장 가입 안내입니다.,https://www.sacheon.go.kr/00011.web?gcode=2189&idx=2104096&amode=view,,,,확인 필요,,확인 필요,확인 필요,,"https://www.sacheon.go.kr/sn3hcv_data.jsp?name=smart/00174_d1.xlsx, https://www.sacheon.go.kr/portal/data/hwp/minwon/06_09_2022.hwp, https://www.sacheon.go.kr/portal/data/hwp/life/life_00633_2025.hwp, https://www.sacheon.go.kr/sn3hcv_data.jsp?name=smart/20260310.pdf",28일 2026.05 국민건강보험공단 사천지사 건강보험 미가입 사업장 가입 안내입니다.,12,updated
경남 사천시청,여성취업지원상담실,https://www.sacheon.go.kr/life/00321/00357.web,,,,확인 필요,,확인 필요,확인 필요,,"https://www.sacheon.go.kr/sn3hcv_data.jsp?name=smart/00174_d1.xlsx, https://www.sacheon.go.kr/portal/data/hwp/minwon/06_09_2022.hwp, https://www.sacheon.go.kr/portal/data/hwp/life/life_00633_2025.hwp, https://www.sacheon.go.kr/sn3hcv_data.jsp?name=smart/20260310.pdf",여성취업지원상담실,12,updated
경남 사천시청,농기계임대사업소,https://sacheon.amlend.kr/,,,,확인 필요,,확인 필요,확인 필요,,"https://www.sacheon.go.kr/sn3hcv_data.jsp?name=smart/00174_d1.xlsx, https://www.sacheon.go.kr/portal/data/hwp/minwon/06_09_2022.hwp, https://www.sacheon.go.kr/portal/data/hwp/life/life_00633_2025.hwp, https://www.sacheon.go.kr/sn3hcv_data.jsp?name=smart/20260310.pdf",농기계임대사업소,12,updated
경남 김해시청,고유가 지원금 바로가기,https://www.gimhae.go.kr/00708/09379/09380.web,,,,확인 필요,,확인 필요,확인 필요,,,고유가 지원금 바로가기,12,updated
경남 의령군청,친환경골프장사업소,https://www.uiryeong.go.kr/index.uiryeong?menuCd=DOM_000000205005002000,,,,확인 필요,,확인 필요,확인 필요,,,친환경골프장사업소,12,updated
경남 의령군청,어린이급식관리지원센터,http://ccfsm.foodnara.go.kr/uiryeong/,,,,확인 필요,,확인 필요,확인 필요,,,어린이급식관리지원센터,12,updated
경남 의령군청,관과소 바로가기,https://www.uiryeong.go.kr/,,,,확인 필요,,확인 필요,확인 필요,,,관과소 바로가기 관과소 바로가기 기획예산담당관 미래전략담당관 소멸위기대응추진단 행정과 사회복지과 주민생활지원과 재무과 민원봉사과 문화관광과 환경과 경제기업과 안전관리과 도시재생과 건설교통과 산림휴양과 상하수도과 보건소 농업기술센터 시설관리사업소 친환경골프장사업소 의회사무과,12,updated
경남 의령군청,소멸위기대응추진단,https://www.uiryeong.go.kr/index.uiryeong?menuCd=DOM_000000205003003000,,,,확인 필요,,확인 필요,확인 필요,,,관과소 바로가기 기획예산담당관 미래전략담당관 소멸위기대응추진단 행정과 사회복지과 주민생활지원과 재무과 민원봉사과 문화관광과 환경과 경제기업과 안전관리과 도시재생과 건설교통과 산림휴양과 상하수도과 보건소 농업기술센터 시설관리사업소 친환경골프장사업소 의회사무과,12,updated
경남 하동군청,농업기계임대사업소,https://hadong.amlend.kr/,,,,확인 필요,,확인 필요,확인 필요,,,농업기계임대사업소,12,updated
경남 하동군청,부서별/직속기관/사업소 열기 닫기,https://www.hadong.go.kr/#familysite1g1c,,,,확인 필요,,확인 필요,확인 필요,,,부서별/직속기관/사업소 열기 닫기 지역활력추진단 기획예산과 행정과 주민행복과 가족정책과 재정관리과 민원과 문화체육과 관광진흥과 환경보호과 산림과 수도사업과 경제기업과 도시과 건축과 건설과 안전교통과 해양수산과 투자유치과 보건정책과 건강증진과 농축산과 농산물유통과 농업소득과 부서별/직속기관/사업소 닫기,12,updated
경남 하동군청,부서별/직속기관/사업소 닫기,https://www.hadong.go.kr/#familysite1g1c,,,,확인 필요,,확인 필요,확인 필요,,,지역활력추진단 기획예산과 행정과 주민행복과 가족정책과 재정관리과 민원과 문화체육과 관광진흥과 환경보호과 산림과 수도사업과 경제기업과 도시과 건축과 건설과 안전교통과 해양수산과 투자유치과 보건정책과 건강증진과 농축산과 농산물유통과 농업소득과 부서별/직속기관/사업소 닫기,12,updated
경남 하동군청,다문화가족 지원포털 다누리,http://www.liveinkorea.kr,,,,확인 필요,,확인 필요,확인 필요,,,다문화가족 지원포털 다누리,12,updated
경남 거창군청,거창 반값여행 지역사랑 휴가지원 사업,https://geochangtour.kr/,,,,확인 필요,,확인 필요,확인 필요,,,거창 반값여행 지역사랑 휴가지원 사업,12,updated
경남 사천시청,타기관 공고/고시,https://www.sacheon.go.kr/news/00009/04130.web,2021-04-16,2027-06-30,D-387,확인 필요,,경남,"중소기업, 꽃, 문화예술",꽃,"https://www.sacheon.go.kr/sn3hcv_data.jsp?name=smart/00174_d1.xlsx, https://www.sacheon.go.kr/portal/data/hwp/minwon/06_09_2022.hwp, https://www.sacheon.go.kr/portal/data/hwp/life/life_00633_2025.hwp, https://www.sacheon.go.kr/sn3hcv_data.jsp?name=smart/20260310.pdf",타기관 공고/고시 사천시 : 대한민국 우주항공 수도 본문 바로가기 이 누리집은 대한민국 공식 전자정부 누리집입니다. 통합검색 펼치기 통합검색 검색 통합검색 접기 홈으로 누리집지도 디지털사천문화대전 사천시의회 KOR 펼치기 ENG 中國語 日本語 KOR 접기 상단 메뉴 주 메뉴 주메뉴펼치기 주메뉴닫기 홈으로 누리집지도...,9,updated
부산테크노파크,부산 가명정보활용지원센터,https://dataprivacy.go.kr/,,,,확인 필요,,부산,확인 필요,,,부산 가명정보활용지원센터,0,updated
경남 김해시청,경남도민생활지원금 바로가기,https://경남도민생활지원금.kr/,,,,확인 필요,,경남,확인 필요,,,경남도민생활지원금 바로가기,0,updated
경남 함안군청,경남도민 생활지원금 신청,https://경남도민생활지원금.kr,,,,확인 필요,,경남,확인 필요,,,경남도민 생활지원금 신청,0,updated
경남 하동군청,본문상단으로 이동,https://www.hadong.go.kr/#container,,,,확인 필요,,경남,확인 필요,,,하단 정보 배너모음 배너모음. 순환 정지 배너모음. 이전 보기 배너모음. 다음 보기 배너모음. 더보기 규제신문고 여수 · 순천 10 · 19사건 진상규명 및 희생자 명예회복위원회 스마트 공간정보플랫폼 고향사랑e음 경남의 섬 하동군 기자협회 해와달 해양공원 진실.화해를위한과거사정리위원회 한눈에 보는 민원 빅데이터 한국...,0,updated
달구벌여성인력개발센터,여성창업기업홍보관,https://w-startup.daegu.go.kr/board5,2023-01-03,2025-06-02,D+371,확인 필요,,대구,"창업기업, 꽃",꽃,,여성창업기업홍보관 여성창업기업홍보관 1 페이지 | 달구벌여성인력개발센터 달구벌여성창업플랫폼 회원가입 로그인 사업공고 모집중 모집마감 알림마당 공지사항 카드뉴스 창업정보 창업커뮤니티 자료실 현장스케치 여성창업기업홍보관 창업보육센터 시설안내 입주안내 입주신청 대관안내 입주기업현황 검색 검색 검색 사업공고 모집중 모집마감...,2,expired
신용보증기금,지원계획 및 담당조직,https://www.kodit.or.kr/kodit/cm/cntnts/cntntsView.do?mi=2539&cntntsId=11078,,2026-02-19,D+109,확인 필요,,대구,중소기업,"AR, 보증, 신용보증",https://www.kodit.or.kr/kodit/na/ntt/selectNttInfo.do?mi=2638&bbsId=148&nttSn=4809511,지원계획 및 담당조직 주요업무>유동화회사보증>지원계획 및 담당조직 본문으로 바로가기 메인메뉴 바로가기 신보 ON-Biz ENG 화면크기 화면크기 확대 화면크기 100% 화면크기 축소 KODIT 신용보증기금 KOREA CREDIT GUARANTEE FUND 신보소개 신보소개 CEO 인사말 프로필 주요 경영활동 CEO메...,2,expired
경남 사천시청,항공우주산업 특화단지 지원,https://www.sacheon.go.kr/aerospace/02811/02813.web,2014-08-07,2025-07-04,D+339,459억원,45900000000,경남,"중소기업, 꽃, 문화예술",꽃,"https://www.sacheon.go.kr/sn3hcv_data.jsp?name=smart/00174_d1.xlsx, https://www.sacheon.go.kr/portal/data/hwp/minwon/06_09_2022.hwp, https://www.sacheon.go.kr/portal/data/hwp/life/life_00633_2025.hwp, https://www.sacheon.go.kr/sn3hcv_data.jsp?name=smart/20260310.pdf",항공우주산업 특화단지 지원 사천시 : 대한민국 우주항공 수도 본문 바로가기 이 누리집은 대한민국 공식 전자정부 누리집입니다. 통합검색 펼치기 통합검색 검색 통합검색 접기 홈으로 누리집지도 디지털사천문화대전 사천시의회 KOR 펼치기 ENG 中國語 日本語 KOR 접기 상단 메뉴 주 메뉴 주메뉴펼치기 주메뉴닫기 홈으로 누...,0,expired
경남 하동군청,후계농업경영인 지원,https://www.hadong.go.kr/specialty/00401/00409.web,1975-01-01,2025-11-13,D+207,5억원,500000000,경남,확인 필요,,,후계농업경영인 지원 후계농업경영인 지원 | 하동군청 본문 바로가기 Global Navigation HOME SITEMAP 누리집 이용안내 국가상징안내 Global Navigation 귀농귀촌 지원센터 하동통합 예약센터 하동 아카데미 하동군 문화관광 농업기술센터 하동 군의회 Language ENGLISH CHINESE...,0,expired
창업진흥원,창업사업 시스템 매뉴얼,https://www.k-startup.go.kr/web/contents/webFBMN.do,2025-11-22,2025-11-22,D+198,확인 필요,,확인 필요,"창업기업, 중소기업, 소상공인",AR,,창업사업 시스템 매뉴얼 K-Startup 창업지원포털>고객센터>온라인 매뉴얼>창업사업 시스템 매뉴얼 본문 바로가기 중소벤처기업부 창업진흥원 사업신청관리 자주하는 질문 로그인 회원가입 중기원패스 통합로그인 페이스북 새창으로 열기 블로그 새창으로 열기 마이페이지 로그인 중기원패스 통합로그인 사업소개 2026년 창업지원사...,0,expired
경북 구미시청,공공 디자인 공모전,https://www.gumi.go.kr/portal/contents.do?mid=0204010000,2023-03-13,2025-12-08,D+182,확인 필요,,경북,"제조업, 꽃","디자인, 제조, 꽃",https://www.gumi.go.kr/portal/contents.do?mid=0705000000,공공 디자인 공모전 공공 디자인 공모전 목록 | 공모전 수상작 | 참여 소통 | 구미시청 홈페이지 본문 바로가기 주메뉴 바로가기 이 누리집은 대한민국 공식 전자정부 누리집입니다. 포털사이트 열기 대표 포털 선택됨 대표 포털 통합예약 문화관광 일자리경제 구미 복지로 인구정책 기업지원 포털사이트 닫기 월 기준 인구 수...,0,expired
경남 사천시청,여성취업지원상담실,https://www.sacheon.go.kr/00357.web,2026-01-07,2026-01-07,D+152,확인 필요,,경남,"중소기업, 꽃, 문화예술",꽃,"https://www.sacheon.go.kr/sn3hcv_data.jsp?name=smart/00174_d1.xlsx, https://www.sacheon.go.kr/portal/data/hwp/minwon/06_09_2022.hwp, https://www.sacheon.go.kr/portal/data/hwp/life/life_00633_2025.hwp, https://www.sacheon.go.kr/sn3hcv_data.jsp?name=smart/20260310.pdf",여성취업지원상담실 사천시 : 대한민국 우주항공 수도 본문 바로가기 이 누리집은 대한민국 공식 전자정부 누리집입니다. 통합검색 펼치기 통합검색 검색 통합검색 접기 홈으로 누리집지도 디지털사천문화대전 사천시의회 KOR 펼치기 ENG 中國語 日本語 KOR 접기 상단 메뉴 주 메뉴 주메뉴펼치기 주메뉴닫기 홈으로 누리집지도...,0,expired
경남 의령군청,의령친환경야구장 관리위탁 입찰 재공고 2026-01-07,https://www.uiryeong.go.kr/board/view.uiryeong?boardId=BBS_0000072&menuCd=DOM_000000203003002001&startPage=1&dataSid=167410&gosiNo=34881,2026-01-07,2026-01-07,D+152,확인 필요,,확인 필요,확인 필요,,,의령친환경야구장 관리위탁 입찰 재공고 2026-01-07,0,expired
창업진흥원,창업통계ᆞ연구자료,https://www.k-startup.go.kr/web/contents/webFND_STATS_RSCH_DATA.do,2023-04-27,2026-01-20,D+139,확인 필요,,확인 필요,"창업기업, 중소기업, 소상공인",AR,,창업통계ᆞ연구자료 K-Startup 창업지원포털>알림마당>창업정보>창업통계ᆞ연구자료 본문 바로가기 중소벤처기업부 창업진흥원 사업신청관리 자주하는 질문 로그인 회원가입 중기원패스 통합로그인 페이스북 새창으로 열기 블로그 새창으로 열기 마이페이지 로그인 중기원패스 통합로그인 사업소개 2026년 창업지원사업 통합공고 사업...,0,expired
경남 의령군청,2026년 산림사업 관리업무 대행 모집 공고 2026-01-20,https://www.uiryeong.go.kr/board/view.uiryeong?boardId=BBS_0000072&menuCd=DOM_000000203003002001&startPage=1&dataSid=167410&gosiNo=34966,2026-01-20,2026-01-20,D+139,확인 필요,,확인 필요,확인 필요,,,2026년 산림사업 관리업무 대행 모집 공고 2026-01-20,0,expired
경남 의령군청,2026년 산림사업 관리업무 대행 모집 재공고 2026-02-02,https://www.uiryeong.go.kr/board/view.uiryeong?boardId=BBS_0000072&menuCd=DOM_000000203003002001&startPage=1&dataSid=167410&gosiNo=35034,2026-02-02,2026-02-02,D+126,확인 필요,,확인 필요,확인 필요,,,2026년 산림사업 관리업무 대행 모집 재공고 2026-02-02,0,expired
경남 하동군청,하동형 육아수당 지원사업,https://www.hadong.go.kr/specialty/00401/05203.web,2026-04-21,2026-04-21,D+48,200만원,2000000,경남,확인 필요,,"https://www.hadong.go.kr/board/download.do?gcode=3029&name=c05203_01.hwp, https://www.hadong.go.kr/board/download.do?gcode=3029&name=%ED%95%98%EB%8F%99%ED%98%95+%EC%9C%A1%EC%95%84%EC%88%98%EB%8B%B9+%EC%A7%80%EC%9B%90%EC%82%AC%EC%97%85+%EC%8B%9C%ED%96%89%EA%B7%9C%EC%B9%99.pdf, https://www.hadong.go.kr/board/download.do?gcode=3029&name=%ED%95%98%EB%8F%99%ED%98%95+%EC%9C%A1%EC%95%84%EC%88%98%EB%8B%B9+%EA%B4%80%EB%A0%A8+%EC%84%9C%EC%8B%9D%28%EC%88%98%EC%A0%95%29.hwp, https://www.hadong.go.kr/board/download.do?gcode=3029&name=%EB%AA%A8%EB%B0%94%EC%9D%BC+%EC%A0%9C%EB%A1%9C%ED%8E%98%EC%9D%B4+%EA%B0%80%EB%A7%B9%EC%A0%90+%ED%98%84%ED%99%A9%28%EC%97%85%EC%A2%85%EB%B3%84+%EB%B6%84%EB%A5%98%29.xlsx, https://www.hadong.go.kr/board/download.do?gcode=3029&name=%EC%95%8C%EA%B8%B0+%EC%89%AC%EC%9A%B4+%ED%95%98%EB%8F%99%ED%98%95+%EC%9C%A1%EC%95%84%EC%88%98%EB%8B%B9.pdf",하동형 육아수당 지원사업 하동형 육아수당 지원사업 | 하동군청 본문 바로가기 Global Navigation HOME SITEMAP 누리집 이용안내 국가상징안내 Global Navigation 귀농귀촌 지원센터 하동통합 예약센터 하동 아카데미 하동군 문화관광 농업기술센터 하동 군의회 Language ENGLISH C...,0,expired
경남 의령군청,고유가 피해지원금,https://www.uiryeong.go.kr/index.uiryeong?menuCd=DOM_000000203001007000,2026-04-21,2026-04-24,D+45,확인 필요,,대구,소상공인,,,고유가 피해지원금 군정소식 > 의령소식 > 고유가 피해지원금 | 의령군청 본문 바로가기 본문바로가기 의령군청 주요 누리집 의령군청 의령군의회 국가상징 글자크기 증가 글자크기 글자크기 축소 로그인 닫기 의령군 UIRYEONG 변화의시작 더 살기좋은 의령 메뉴 종합민원 종합민원 변화의 시작 더 살기좋은 의령! 민원실안내...,0,expired
경남 의령군청,경남도민 생활지원금,https://www.uiryeong.go.kr/index.uiryeong?menuCd=DOM_000000203001008000,2026-04-24,2026-04-24,D+45,확인 필요,,대구,소상공인,,,경남도민 생활지원금 군정소식 > 의령소식 > 경남도민 생활지원금 | 의령군청 본문 바로가기 본문바로가기 의령군청 주요 누리집 의령군청 의령군의회 국가상징 글자크기 증가 글자크기 글자크기 축소 로그인 닫기 의령군 UIRYEONG 변화의시작 더 살기좋은 의령 메뉴 종합민원 종합민원 변화의 시작 더 살기좋은 의령! 민원실...,0,expired
신용보증기금,신용보증기금 특정업무직원(운전기사직) 채용공고 2026-05-06,https://www.kodit.or.kr/kodit/na/ntt/selectNttInfo.do?mi=2638&bbsId=148&nttSn=4668446,2026-05-06,2026-05-06,D+33,확인 필요,,확인 필요,확인 필요,"보증, 신용보증",https://www.kodit.or.kr/kodit/na/ntt/selectNttInfo.do?mi=2638&bbsId=148&nttSn=4809511,신용보증기금 특정업무직원(운전기사직) 채용공고 2026-05-06,0,expired
신용보증기금,"신용보증기금 전문인력(건축기사, 구조화금융) 채용공고 2026-05-06",https://www.kodit.or.kr/kodit/na/ntt/selectNttInfo.do?mi=2638&bbsId=148&nttSn=4668485,2026-05-06,2026-05-06,D+33,확인 필요,,확인 필요,확인 필요,"보증, 신용보증",https://www.kodit.or.kr/kodit/na/ntt/selectNttInfo.do?mi=2638&bbsId=148&nttSn=4809511,"신용보증기금 전문인력(건축기사, 구조화금융) 채용공고 2026-05-06",0,expired
경남 의령군청,「의령군 농어촌 기본소득 지원 조례」제정 조례안 입법예고 2026-05-14,https://www.uiryeong.go.kr/board/view.uiryeong?boardId=BBS_0000073&menuCd=DOM_000000203003003002&startPage=1&dataSid=167411&gosiNo=35712,2026-05-14,2026-05-14,D+25,확인 필요,,확인 필요,확인 필요,,,「의령군 농어촌 기본소득 지원 조례」제정 조례안 입법예고 2026-05-14,0,expired
경남 의령군청,불용품(중형승용차량) 매각 공고 2026-05-19,https://www.uiryeong.go.kr/board/view.uiryeong?boardId=BBS_0000072&menuCd=DOM_000000203003002001&startPage=1&dataSid=167410&gosiNo=35740,2026-05-19,2026-05-19,D+20,확인 필요,,확인 필요,확인 필요,,,불용품(중형승용차량) 매각 공고 2026-05-19,0,expired
경남 의령군청,불용품(음식물쓰레기 수거차량) 매각 공고 2026-05-19,https://www.uiryeong.go.kr/board/view.uiryeong?boardId=BBS_0000072&menuCd=DOM_000000203003002001&startPage=1&dataSid=167410&gosiNo=35739,2026-05-19,2026-05-19,D+20,확인 필요,,확인 필요,확인 필요,,,불용품(음식물쓰레기 수거차량) 매각 공고 2026-05-19,0,expired
부산테크노파크,"부산TP, 가명정보활용지원센터 대학생 서포터즈 모집 2026.05.28",https://www.newsis.com/view/?id=NISX20260528_0003646866,2026-05-28,2026-05-28,D+11,확인 필요,,확인 필요,대학생,,,"부산TP, 가명정보활용지원센터 대학생 서포터즈 모집 2026.05.28",0,expired
부산테크노파크,부산테크노파크 연구개발장비 공동활용 지원 추진 2026.05.28,https://www.mt.co.kr/policy/2026/05/28/2026052817484987835,2026-05-28,2026-05-28,D+11,확인 필요,,부산,확인 필요,,,부산테크노파크 연구개발장비 공동활용 지원 추진 2026.05.28,0,expired
경남 함안군청,고유가 피해지원금 안내,https://www.haman.go.kr/00059/06642/06790.web,2026-04-17,2026-05-29,D+10,30억 원,3000000000,경남,"소상공인, 문화예술",,,고유가 피해지원금 안내 고유가 피해지원금 | 함안군청 본문 바로가기 주 메뉴 바로가기 이 누리집은 대한민국 공식 전자정부 누리집입니다. 대표포털 통합예약 분야포털 뉴스포털 문화관광포털 군의회 관련사이트 펼치기 군립칠원도서관 문화예술회관 함안박물관 함안복합문학관 통합예약시스템 관련사이트 접기 아이돌봄 통합예약시스템 맞...,0,expired
부산테크노파크,행사 진행 부산형 글로벌 데이터 해커톤 'DIVE 2026’ 참가 모집 2026.06.01,https://www.btp.or.kr/kor/CMS/Board/Board.do?mCode=MN018&mode=view&&mgr_seq=35&board_seq=9581963,2026-06-01,2026-06-01,D+7,확인 필요,,확인 필요,확인 필요,,,행사 진행 부산형 글로벌 데이터 해커톤 'DIVE 2026’ 참가 모집 2026.06.01,0,expired
경남 의령군청,입법예고 더보기,https://www.uiryeong.go.kr/board/list.uiryeong?boardId=BBS_0000073&menuCd=DOM_000000203003003002&contentsSid=205,2026-05-14,2026-06-01,D+7,확인 필요,,확인 필요,확인 필요,,,「의령군 농업인대학 설치 및 운영 조례」일부개정조례안 입법예고 2026-06-01 「의령군 산림 문화.휴양 단지 관리 및 운영 조례 」조례 제정안 입법예고.. 2026-05-30 「의령군 산림 문화.휴양 단지 관리 및 운영 조례 시행규칙」제정 조례안 입법예고.. 2026-05-29 「의령군 친환경골프장 지방직영기업...,0,expired
경남 의령군청,불용품(중형승용차량) 매각 공고(2차) 2026-06-01,https://www.uiryeong.go.kr/board/view.uiryeong?boardId=BBS_0000072&menuCd=DOM_000000203003002001&startPage=1&dataSid=167410&gosiNo=35851,2026-06-01,2026-06-01,D+7,확인 필요,,확인 필요,확인 필요,,,불용품(중형승용차량) 매각 공고(2차) 2026-06-01,0,expired
경남 의령군청,입찰공고 더보기,https://www.uiryeong.go.kr/index.uiryeong?menuCd=DOM_000000203003002001,2026-01-07,2026-06-01,D+7,확인 필요,,확인 필요,확인 필요,,,불용품(중형승용차량) 매각 공고(2차) 2026-06-01 불용품(중형승용차량) 매각 공고 2026-05-19 불용품(음식물쓰레기 수거차량) 매각 공고 2026-05-19 2026년 산림사업 관리업무 대행 모집 재공고 2026-02-02 2026년 산림사업 관리업무 대행 모집 공고 2026-01-20 의령친환경야구장...,0,expired
부산테크노파크,2026 화장품 뷰티페스티벌 개최사업 참여기업 추가 모집 공고 2026.06.02,https://www.btp.or.kr/kor/CMS/Board/Board.do?mCode=MN013&mode=view&&mgr_seq=16&board_seq=9581972,2026-06-02,2026-06-02,D+6,확인 필요,,확인 필요,확인 필요,,,2026 화장품 뷰티페스티벌 개최사업 참여기업 추가 모집 공고 2026.06.02,0,expired
부산테크노파크,글로벌 밸류체인 진출을 위한 미래차 혁신성장 기술지원사업 공고(시험평가지원) 2026.06.02,https://www.btp.or.kr/kor/CMS/Board/Board.do?mCode=MN013&mode=view&&mgr_seq=16&board_seq=9581936,2026-06-02,2026-06-02,D+6,확인 필요,,확인 필요,확인 필요,,,글로벌 밸류체인 진출을 위한 미래차 혁신성장 기술지원사업 공고(시험평가지원) 2026.06.02,0,expired
경남 사천시청,"20일 2026.05 사천시선거관리위원회 사천시선거관리위원회에서는 2026. 6. 3. 실시하는 제9회 전국동시지방선거의 선거비용실사보조요원을 다음과 같이 공개모집하오니, 많은 지원 바랍니다.",https://www.sacheon.go.kr/00011.web?gcode=2189&idx=2103871&amode=view,2026-06-03,2026-06-03,D+5,확인 필요,,전국,확인 필요,,"https://www.sacheon.go.kr/sn3hcv_data.jsp?name=smart/00174_d1.xlsx, https://www.sacheon.go.kr/portal/data/hwp/minwon/06_09_2022.hwp, https://www.sacheon.go.kr/portal/data/hwp/life/life_00633_2025.hwp, https://www.sacheon.go.kr/sn3hcv_data.jsp?name=smart/20260310.pdf","20일 2026.05 사천시선거관리위원회 사천시선거관리위원회에서는 2026. 6. 3. 실시하는 제9회 전국동시지방선거의 선거비용실사보조요원을 다음과 같이 공개모집하오니, 많은 지원 바랍니다.",0,expired
신용보증기금,2025년도 공공기관 안전관리등급 심사 결과 공개 「공공기관 안전관리등급제 운영에 관한 지침」 제21조 제1항에 따라 신용보증기금의 2025년도 안전관리등급 심사 결과를 첨부와 같이 공지합니다. * 2025 2026-06-04,https://www.kodit.or.kr/kodit/na/ntt/selectNttInfo.do?mi=2638&bbsId=148&nttSn=4809511,2026-04-23,2026-06-04,D+4,확인 필요,,확인 필요,확인 필요,"보증, 신용보증",https://www.kodit.or.kr/kodit/na/ntt/selectNttInfo.do?mi=2638&bbsId=148&nttSn=4809511,2025년도 공공기관 안전관리등급 심사 결과 공개 「공공기관 안전관리등급제 운영에 관한 지침」 제21조 제1항에 따라 신용보증기금의 2025년도 안전관리등급 심사 결과를 첨부와 같이 공지합니다. * 2025 2026-06-04 신용보증기금 창립 50주년 논문공모전 결과 통지 2026-05-18 신용보증기금 특정업무직...,0,expired
신용보증기금,공지사항 바로가기,https://www.kodit.or.kr/kodit/na/ntt/selectNttList.do?mi=2638&bbsId=148,2026-04-23,2026-06-04,D+4,확인 필요,,확인 필요,확인 필요,"보증, 신용보증",https://www.kodit.or.kr/kodit/na/ntt/selectNttInfo.do?mi=2638&bbsId=148&nttSn=4809511,2025년도 공공기관 안전관리등급 심사 결과 공개 「공공기관 안전관리등급제 운영에 관한 지침」 제21조 제1항에 따라 신용보증기금의 2025년도 안전관리등급 심사 결과를 첨부와 같이 공지합니다. * 2025 2026-06-04 신용보증기금 창립 50주년 논문공모전 결과 통지 2026-05-18 신용보증기금 특정업무직...,0,expired
경남 하동군청,"지역활력추진단 [행정과] 2026년 하동군 여름방학 공공기관 대학생 아르바이트 단시간 근로자 채용(선발) 공고 2026년 하동군 여름방학 공공기관 대학생 아르바이트 단시간 근로자 채용(선발)과 관련하여 붙임과 같이 공고하오니, 많은 신청 바랍니다. 2026-06-04",https://www.hadong.go.kr/specialty/00224/00412.web?amode=view&idx=37810252,2026-06-04,2026-06-04,D+4,확인 필요,,확인 필요,대학생,,,"지역활력추진단 [행정과] 2026년 하동군 여름방학 공공기관 대학생 아르바이트 단시간 근로자 채용(선발) 공고 2026년 하동군 여름방학 공공기관 대학생 아르바이트 단시간 근로자 채용(선발)과 관련하여 붙임과 같이 공고하오니, 많은 신청 바랍니다. 2026-06-04",0,expired
부산테크노파크,『신해양레저 광역연계형 규제자유특구』사업 참여희망 특구사업자 추가모집 공고 2026.06.05,https://www.btp.or.kr/kor/CMS/Board/Board.do?mCode=MN013&mode=view&&mgr_seq=16&board_seq=9581982,2026-06-05,2026-06-05,D+3,확인 필요,,확인 필요,확인 필요,,,『신해양레저 광역연계형 규제자유특구』사업 참여희망 특구사업자 추가모집 공고 2026.06.05,0,expired
부산테크노파크,"2026년도 지역주력산업육성(지역특화 프로젝트「 레전드 50+」) 지원모집 2차 공고(1.0 부산, 친환경에너지) 2026.06.05",https://www.btp.or.kr/kor/CMS/Board/Board.do?mCode=MN013&mode=view&&mgr_seq=16&board_seq=9581981,2026-06-05,2026-06-05,D+3,확인 필요,,확인 필요,확인 필요,,,"2026년도 지역주력산업육성(지역특화 프로젝트「 레전드 50+」) 지원모집 2차 공고(1.0 부산, 친환경에너지) 2026.06.05",0,expired
부산테크노파크,「2026 제12회 한국 AI 신발디자인 공모전」후원사 모집 2026.06.05,https://www.btp.or.kr/kor/CMS/Board/Board.do?mCode=MN013&mode=view&&mgr_seq=16&board_seq=9581974,2026-06-05,2026-06-05,D+3,확인 필요,,확인 필요,확인 필요,"AI, 디자인",,「2026 제12회 한국 AI 신발디자인 공모전」후원사 모집 2026.06.05,0,expired
경남 의령군청,2027년 저온유통체계구축사업 수요조사 고시공고 2026-06-05,https://www.uiryeong.go.kr/board/view.uiryeong?boardId=BBS_0000070&menuCd=DOM_000000203003001001&startPage=1&dataSid=316445&gosiNo=35889,2026-06-05,2026-06-05,D+3,확인 필요,,확인 필요,확인 필요,,,2027년 저온유통체계구축사업 수요조사 고시공고 2026-06-05,0,expired
경남 하동군청,안전교통과 2027년 내진성능평가 비용 지원사업 수요 조사 안내 1. 행정안전부는 내진성능 여부 확인을 희망하는 민간건축물을 대상으로 내진성능평가 비용을 지원하고 있습니다. 2. 민간건축물 내진성능평가 비용 지원사업의 '27년 정부예산안 편성을 2026-06-07,https://www.hadong.go.kr/media/00008/00009.web?amode=view&idx=37810280&gcode=1001,2026-06-07,2026-06-07,D+1,확인 필요,,확인 필요,확인 필요,,,안전교통과 2027년 내진성능평가 비용 지원사업 수요 조사 안내 1. 행정안전부는 내진성능 여부 확인을 희망하는 민간건축물을 대상으로 내진성능평가 비용을 지원하고 있습니다. 2. 민간건축물 내진성능평가 비용 지원사업의 '27년 정부예산안 편성을 2026-06-07,0,expired
